Chat ID,Chat Start Time,Chat Length,Messages to Bot,Bot Responses (Generative),Bot Responses (Retrieval),Bot Responses (Low Confidence),Bot Responses (No Confidence),Attempt to Connect to Live Person,Connection Established,Conversation Rating
24428415,"January 1, 2024 12:16 AM",,,,,,,No,No,
24428257,"December 31, 2023 11:27 PM",,,,,,,No,No,
24427192,"December 31, 2023 7:22 PM",,,,,,,No,No,
24426601,"December 31, 2023 5:41 PM",,,,,,,No,No,
24426138,"December 31, 2023 4:32 PM",,,,,,,No,No,
24425980,"December 31, 2023 4:10 PM",,,,,,,No,No,
24425949,"December 31, 2023 4:05 PM",,,,,,,No,No,
24425692,"December 31, 2023 3:29 PM",,,,,,,No,No,
24424732,"December 31, 2023 1:17 PM",,,,,,,No,No,
24424724,"December 31, 2023 1:16 PM",,,,,,,No,No,
24423946,"December 31, 2023 11:18 AM",,,,,,,No,No,
24423945,"December 31, 2023 11:18 AM",,,,,,,No,No,
24423943,"December 31, 2023 11:18 AM",,,,,,,No,No,
24423941,"December 31, 2023 11:18 AM",,,,,,,No,No,
24423940,"December 31, 2023 11:18 AM",,,,,,,No,No,
24423939,"December 31, 2023 11:17 AM",,,,,,,No,No,
24423938,"December 31, 2023 11:17 AM",,,,,,,No,No,
24423937,"December 31, 2023 11:17 AM",,,,,,,No,No,
24423936,"December 31, 2023 11:17 AM",,,,,,,No,No,
24423934,"December 31, 2023 11:17 AM",,,,,,,No,No,
24423931,"December 31, 2023 11:17 AM",,,,,,,No,No,
24423814,"December 31, 2023 11:00 AM",,,,,,,No,No,
24423806,"December 31, 2023 10:59 AM",,,,,,,No,No,
24423350,"December 31, 2023 9:18 AM",,,,,,,No,No,
24423340,"December 31, 2023 9:15 AM",,,,,,,No,No,
24423176,"December 31, 2023 8:25 AM",,,,,,,No,No,
24423131,"December 31, 2023 8:07 AM",,,,,,,No,No,
24422821,"December 31, 2023 5:52 AM",30,,,,,,No,No,
24422811,"December 31, 2023 5:46 AM",61,,,,,,No,No,
24422678,"December 31, 2023 4:43 AM",,,,,,,No,No,
24421873,"December 31, 2023 12:35 AM",,,,,,,No,No,
24421468,"December 30, 2023 11:12 PM",,,,,,,No,No,
24421286,"December 30, 2023 10:42 PM",,,,,,,No,No,
24420957,"December 30, 2023 9:50 PM",,,,,,,No,No,
24420220,"December 30, 2023 7:58 PM",,,,,,,No,No,
24419399,"December 30, 2023 5:57 PM",,,,,,,No,No,
24419359,"December 30, 2023 5:49 PM",,,,,,,No,No,
24419255,"December 30, 2023 5:34 PM",,,,,,,No,No,
24419213,"December 30, 2023 5:26 PM",,,,,,,No,No,
24419161,"December 30, 2023 5:18 PM",,,,,,,No,No,
24418561,"December 30, 2023 4:05 PM",,,,,,,No,No,
24418552,"December 30, 2023 4:04 PM",,,,,,,No,No,
24417928,"December 30, 2023 2:53 PM",,,,,,,No,No,
24417793,"December 30, 2023 2:38 PM",57,,,,,,No,No,
24417776,"December 30, 2023 2:35 PM",,,,,,,No,No,
24417549,"December 30, 2023 2:06 PM",,,,,,,No,No,
24417449,"December 30, 2023 1:56 PM",,,,,,,No,No,
24417430,"December 30, 2023 1:55 PM",,,,,,,No,No,
24417315,"December 30, 2023 1:43 PM",,,,,,,No,No,
24417149,"January 2, 2024 8:40 AM",,,,,,,No,No,
24417146,"December 30, 2023 1:23 PM",,,,,,,No,No,
24417061,"December 30, 2023 1:12 PM",,,,,,,No,No,
24416858,"December 30, 2023 12:52 PM",,,,,,,No,No,
24416786,"December 30, 2023 12:44 PM",,,,,,,No,No,
24416280,"December 30, 2023 11:49 AM",,,,,,,No,No,
24416034,"December 30, 2023 11:20 AM",,,,,,,No,No,
24415371,"December 30, 2023 9:38 AM",,,,,,,No,No,
24415292,"December 30, 2023 9:22 AM",,,,,,,No,No,
24415289,"December 30, 2023 9:21 AM",,,,,,,No,No,
24415283,"December 30, 2023 9:20 AM",,,,,,,No,No,
24415121,"December 30, 2023 8:42 AM",,,,,,,No,No,
24414699,"December 30, 2023 6:10 AM",12,,,,,,No,No,
24412483,"December 29, 2023 9:31 PM",,,,,,,No,No,
24411760,"December 29, 2023 7:44 PM",,,,,,,No,No,
24411357,"December 29, 2023 6:53 PM",19,,,,,,No,No,
24411102,"December 29, 2023 6:25 PM",,,,,,,No,No,
24410085,"December 29, 2023 4:41 PM",,,,,,,No,No,
24409662,"December 29, 2023 4:08 PM",15,,,,,,No,No,
24409618,"December 29, 2023 4:05 PM",,,,,,,No,No,
24409580,"December 29, 2023 4:01 PM",,,,,,,No,No,
24409576,"December 29, 2023 4:01 PM",30,,,,,,No,No,
24408444,"December 29, 2023 2:36 PM",45,,,,,,No,No,
24408353,"December 29, 2023 2:30 PM",1873,1,,,,1,Yes,Yes,
24408290,"December 29, 2023 2:26 PM",230,1,,,,1,Yes,No,
24408152,"December 29, 2023 2:16 PM",87,1,,1,,,No,No,
24407862,"December 29, 2023 1:56 PM",325237,1,1,,,,Yes,Yes,
24406589,"December 29, 2023 12:35 PM",47,1,,1,,,No,No,
24406101,"December 29, 2023 12:04 PM",,,,,,,No,No,
24405959,"December 29, 2023 11:56 AM",22595,,,,,,Yes,Yes,
24405756,"December 29, 2023 11:42 AM",10,,,,,,No,No,
24405680,"December 29, 2023 11:36 AM",,,,,,,No,No,
24405654,"December 29, 2023 11:34 AM",,,,,,,No,No,
24405652,"December 29, 2023 11:34 AM",,,,,,,No,No,
24404363,"December 29, 2023 9:52 AM",42,1,,1,,,No,No,
24400860,"December 28, 2023 10:00 PM",67,,,,,,No,No,
24400826,"December 28, 2023 9:56 PM",,,,,,,No,No,
24400727,"December 28, 2023 9:42 PM",58,,,,,,No,No,
24400483,"December 28, 2023 9:14 PM",40,,,,,,No,No,
24400329,"December 28, 2023 8:58 PM",33,,,,,,No,No,
24400170,"December 28, 2023 8:40 PM",,,,,,,No,No,
24400078,"December 28, 2023 8:29 PM",46,1,,1,,,No,No,
24400066,"December 28, 2023 8:27 PM",45,,,,,,No,No,
24399999,"December 28, 2023 8:20 PM",,,,,,,No,No,
24399996,"December 28, 2023 8:20 PM",,,,,,,No,No,
24399986,"December 28, 2023 8:19 PM",,,,,,,No,No,
24399627,"December 28, 2023 7:42 PM",,,,,,,No,No,
24399535,"December 28, 2023 7:32 PM",,,,,,,No,No,
24396446,"December 28, 2023 4:09 PM",,,,,,,No,No,
24395190,"January 2, 2024 5:04 PM",7,,,,,,No,No,
24395101,"December 28, 2023 3:48 PM",,,,,,,No,No,5
24394478,"December 28, 2023 2:50 PM",947,5,2,1,,2,Yes,No,3
24394324,"December 28, 2023 2:42 PM",295,1,,1,,,No,No,
24393883,"December 28, 2023 2:18 PM",595,1,,1,,,No,No,
24393661,"December 28, 2023 2:06 PM",,,,,,,No,No,
24393626,"December 28, 2023 2:04 PM",1803,2,1,1,,,Yes,Yes,
24393500,"December 28, 2023 2:04 PM",,,,,,,No,No,
24393493,"December 28, 2023 1:57 PM",,,,,,,No,No,
24393471,"December 28, 2023 1:56 PM",,,,,,,No,No,
24393442,"December 28, 2023 1:54 PM",,,,,,,No,No,
24393317,"December 28, 2023 1:59 PM",,,,,,,No,No,
24392046,"December 28, 2023 1:19 PM",34,,,,,,No,No,
24391469,"December 28, 2023 12:46 PM",968,1,,,,1,Yes,No,
24391196,"December 28, 2023 12:35 PM",,,,,,,No,No,
24390979,"December 28, 2023 12:19 PM",,,,,,,No,No,
24390804,"December 28, 2023 12:10 PM",,,,,,,No,No,
24390803,"December 28, 2023 12:10 PM",189,,,,,,Yes,No,
24390497,"December 28, 2023 11:52 AM",,,,,,,No,No,
24390173,"December 28, 2023 11:32 AM",,,,,,,No,No,
24389558,"December 28, 2023 10:57 AM",35,1,1,,,,No,No,
24389464,"December 28, 2023 10:51 AM",11,,,,,,No,No,
24388080,"December 28, 2023 8:47 AM",,,,,,,No,No,
24387411,"December 28, 2023 6:40 AM",,,,,,,No,No,
24387390,"December 28, 2023 6:34 AM",,,,,,,No,No,
24386218,"December 28, 2023 1:06 AM",,,,,,,No,No,
24386209,"December 28, 2023 1:04 AM",,,,,,,No,No,
24384621,"December 27, 2023 9:23 PM",116,1,1,,,,No,No,
24383099,"December 27, 2023 6:42 PM",78,,,,,,No,No,
24382910,"December 27, 2023 6:25 PM",24,,,,,,No,No,
24382730,"December 27, 2023 6:07 PM",,,,,,,No,No,
24382353,"December 27, 2023 5:32 PM",,,,,,,No,No,
24382343,"December 27, 2023 5:31 PM",,,,,,,No,No,
24381275,"December 27, 2023 4:34 PM",,,,,,,No,No,
24381108,"December 27, 2023 4:01 PM",,,,,,,No,No,
24379946,"December 27, 2023 2:50 PM",,,,,,,No,No,
24379916,"December 27, 2023 2:49 PM",,,,,,,No,No,
24379227,"December 27, 2023 2:09 PM",,,,,,,No,No,
24379208,"December 27, 2023 2:08 PM",,,,,,,No,No,
24379092,"December 27, 2023 2:00 PM",,,,,,,No,No,
24379081,"December 27, 2023 1:59 PM",,,,,,,No,No,
24378418,"December 27, 2023 1:17 PM",,,,,,,No,No,
24378247,"December 27, 2023 1:06 PM",36,,,,,,No,No,
24377375,"December 27, 2023 12:17 PM",,,,,,,No,No,
24376882,"December 27, 2023 11:47 AM",,,,,,,No,No,
24376753,"December 27, 2023 11:38 AM",55,2,1,,1,,No,No,
24376626,"December 27, 2023 11:29 AM",,,,,,,No,No,
24376418,"December 27, 2023 11:17 AM",,,,,,,No,No,
24376370,"December 27, 2023 11:14 AM",598,1,,,,,Yes,No,
24376092,"December 27, 2023 10:56 AM",2596,1,,,,1,Yes,Yes,
24375915,"December 27, 2023 10:44 AM",712,2,1,1,,,Yes,Yes,
24375888,"December 27, 2023 10:43 AM",,,,,,,No,No,
24375715,"December 27, 2023 10:30 AM",36,,,,,,No,No,
24375272,"December 27, 2023 9:54 AM",,,,,,,No,No,
24375200,"December 27, 2023 9:47 AM",121,2,1,,1,,No,No,
24375165,"December 27, 2023 9:44 AM",,,,,,,No,No,
24374977,"December 27, 2023 9:28 AM",35,,,,,,No,No,
24374909,"December 27, 2023 9:18 AM",,,,,,,No,No,
24374746,"December 27, 2023 8:58 AM",3079,2,1,,1,,Yes,Yes,
24374434,"December 27, 2023 8:11 AM",,,,,,,No,No,
24374424,"December 27, 2023 8:08 AM",,,,,,,No,No,
24374403,"December 27, 2023 8:05 AM",,,,,,,No,No,
24374401,"December 27, 2023 8:05 AM",,,,,,,No,No,
24374189,"December 27, 2023 7:17 AM",,,,,,,No,No,
24374180,"December 27, 2023 7:15 AM",,,,,,,No,No,
24373309,"December 27, 2023 2:59 AM",,,,,,,No,No,
24373287,"December 27, 2023 2:53 AM",83,1,,1,,1,No,No,
24371473,"December 26, 2023 10:14 PM",,,,,,,No,No,
24371174,"December 26, 2023 9:39 PM",,,,,,,No,No,
24371136,"December 26, 2023 9:35 PM",,,,,,,No,No,
24370744,"December 26, 2023 8:45 PM",,,,,,,No,No,
24367121,"December 26, 2023 3:21 PM",,,,,,,No,No,
24366241,"December 26, 2023 2:28 PM",,,,,,,No,No,
24364331,"December 26, 2023 12:26 PM",257,3,2,,,,No,No,
24363705,"December 26, 2023 11:40 AM",,,,,,,No,No,
24363669,"December 26, 2023 11:37 AM",,,,,,,No,No,
24363279,"December 26, 2023 11:08 AM",32,1,1,,,,No,No,
24363241,"December 26, 2023 11:05 AM",,,,,,,No,No,
24362841,"December 26, 2023 10:28 AM",101,1,,1,,1,No,No,
24362637,"January 2, 2024 1:32 PM",79,1,1,,,,No,No,
24362555,"December 26, 2023 10:00 AM",32,,,,,,No,No,
24362139,"December 26, 2023 9:14 AM",,,,,,,No,No,
24361877,"December 26, 2023 8:31 AM",,,,,,,No,No,
24361605,"December 26, 2023 7:29 AM",,,,,,,No,No,
24360947,"December 26, 2023 3:28 AM",,,,,,,No,No,
24359300,"December 25, 2023 9:22 PM",,,,,,,No,No,
24358321,"December 25, 2023 6:07 PM",96,,,,,,No,No,
24357889,"January 3, 2024 9:52 AM",,,,,,,No,No,
24357515,"December 25, 2023 3:30 PM",,,,,,,No,No,
24357424,"December 25, 2023 3:13 PM",,,,,,,No,No,
24357087,"December 25, 2023 2:11 PM",37,1,,1,,,No,No,
24356485,"December 25, 2023 12:29 PM",50,,,,,,No,No,
24356216,"December 25, 2023 11:39 AM",,,,,,,No,No,
24355816,"December 25, 2023 9:59 AM",,,,,,,No,No,
24355814,"December 25, 2023 9:59 AM",,,,,,,No,No,
24355813,"December 25, 2023 9:59 AM",,,,,,,No,No,
24354343,"December 25, 2023 12:19 AM",,,,,,,No,No,
24354107,"December 24, 2023 11:11 PM",26,2,,,,2,No,No,
24354096,"December 24, 2023 11:08 PM",23,1,,1,,,No,No,
24353584,"December 24, 2023 8:53 PM",,,,,,,No,No,
24353437,"December 24, 2023 8:09 PM",,,,,,,No,No,
24352728,"December 24, 2023 5:01 PM",,,,,,,No,No,
24352259,"December 24, 2023 3:16 PM",,,,,,,No,No,
24352150,"December 24, 2023 2:53 PM",,,,,,,No,No,
24351730,"December 24, 2023 1:29 PM",,,,,,,No,No,
24351290,"December 24, 2023 12:06 PM",,,,,,,No,No,
24351201,"December 24, 2023 11:48 AM",,,,,,,No,No,
24350610,"December 24, 2023 9:26 AM",218,1,,,,1,No,No,
24349437,"December 24, 2023 1:51 AM",,,,,,,No,No,
24347537,"December 23, 2023 7:06 PM",,,,,,,No,No,
24347341,"December 23, 2023 6:27 PM",,,,,,,No,No,
24347119,"December 23, 2023 5:48 PM",28,,,,,,No,No,
24344772,"December 23, 2023 11:58 AM",,,,,,,No,No,
24344751,"December 23, 2023 11:55 AM",,,,,,,No,No,
24344420,"December 23, 2023 11:08 AM",,,,,,,No,No,
24343576,"December 23, 2023 8:48 AM",,,,,,,No,No,
24341570,"December 22, 2023 11:39 PM",47,1,,1,,,No,No,
24341301,"December 22, 2023 10:53 PM",,,,,,,No,No,
24340290,"January 8, 2024 5:37 PM",13,,,,,,No,No,1
24339962,"December 22, 2023 7:32 PM",,,,,,,No,No,
24339905,"December 22, 2023 7:26 PM",,,,,,,No,No,
24338203,"December 22, 2023 5:06 PM",7,1,,1,,,No,No,
24338132,"December 22, 2023 5:03 PM",,,,,,,No,No,
24337044,"December 22, 2023 3:29 PM",1362,1,,,,1,Yes,Yes,5
24336419,"December 22, 2023 2:42 PM",1325,,,,,,Yes,Yes,
24336043,"December 22, 2023 2:16 PM",721,1,1,,,,Yes,Yes,
24335908,"December 22, 2023 2:08 PM",,,,,,,No,No,
24335447,"December 22, 2023 1:34 PM",116,1,1,,,,No,No,1
24334423,"December 22, 2023 12:19 PM",457,2,,2,,,Yes,Yes,
24333677,"December 22, 2023 11:29 AM",1186,1,,,,1,Yes,Yes,5
24333593,"December 22, 2023 11:23 AM",3607,1,1,,,,No,No,
24333297,"December 22, 2023 11:02 AM",,,,,,,No,No,
24333282,"December 22, 2023 11:01 AM",,,,,,,No,No,
24333233,"December 22, 2023 10:58 AM",3055,1,,1,,1,Yes,Yes,
24332784,"December 22, 2023 10:37 AM",,,,,,,No,No,
24332588,"December 22, 2023 10:21 AM",,,,,,,No,No,
24332530,"December 22, 2023 10:17 AM",,,,,,,No,No,
24332492,"December 22, 2023 10:14 AM",974,1,1,,,,Yes,Yes,5
24332384,"December 22, 2023 10:07 AM",2146,1,1,,,,Yes,Yes,5
24332298,"December 22, 2023 10:00 AM",1209,,,,,,Yes,Yes,
24332294,"December 22, 2023 9:59 AM",638,2,,3,,,No,No,
24331959,"December 22, 2023 9:25 AM",752,4,3,1,,,Yes,Yes,5
24331851,"December 22, 2023 9:14 AM",1361,1,,1,,,Yes,Yes,
24331645,"December 22, 2023 8:47 AM",247,1,,,,1,Yes,No,
24330647,"December 22, 2023 4:29 AM",,,,,,,No,No,
24329558,"December 22, 2023 12:09 AM",,,,,,,No,No,
24329107,"December 21, 2023 11:04 PM",,,,,,,No,No,
24328644,"December 21, 2023 10:06 PM",,,,,,,No,No,
24328371,"December 21, 2023 9:34 PM",102,2,,2,,,No,No,5
24327653,"December 21, 2023 8:11 PM",27,1,,,1,,No,No,
24326940,"December 21, 2023 6:59 PM",55,1,,1,,,No,No,
24326645,"December 21, 2023 6:31 PM",58,,,,,,No,No,
24326242,"December 21, 2023 5:59 PM",,,,,,,No,No,
24325967,"December 21, 2023 5:41 PM",10,1,,,,1,No,No,5
24325309,"December 21, 2023 4:59 PM",,,,,,,No,No,
24325227,"December 21, 2023 4:54 PM",,,,,,,No,No,
24325140,"December 21, 2023 4:47 PM",,,,,,,No,No,
24324102,"December 21, 2023 3:56 PM",,,,,,,No,No,
24323782,"December 21, 2023 3:38 PM",60,1,,,,1,Yes,No,
24322468,"December 21, 2023 2:31 PM",190,2,1,1,,,No,No,
24322442,"December 21, 2023 2:29 PM",310,1,,1,,,Yes,Yes,
24321424,"December 21, 2023 1:35 PM",37,1,,2,,,No,No,
24321343,"December 21, 2023 1:30 PM",1070,,,,,,Yes,Yes,
24320688,"December 21, 2023 12:58 PM",1099,6,4,1,,,Yes,Yes,
24320492,"December 21, 2023 12:48 PM",,,,,,,No,No,
24320458,"December 21, 2023 12:47 PM",,,,,,,No,No,
24319131,"December 21, 2023 11:43 AM",1071,1,,,,1,Yes,Yes,5
24318986,"December 21, 2023 11:35 AM",62,,,,,,No,No,
24318948,"December 21, 2023 11:33 AM",,,,,,,No,No,
24318876,"December 21, 2023 11:29 AM",,,,,,,No,No,
24318307,"December 21, 2023 11:02 AM",2145,1,,,,1,Yes,Yes,
24318306,"December 21, 2023 11:02 AM",13557,2,1,,,,Yes,Yes,
24318228,"December 21, 2023 10:57 AM",414,1,,,,,Yes,Yes,5
24318150,"December 21, 2023 10:54 AM",641,1,,,1,,Yes,Yes,
24318111,"December 21, 2023 10:53 AM",73507,1,,,,1,Yes,Yes,
24318060,"December 21, 2023 10:50 AM",,,,,,,No,No,
24317967,"December 21, 2023 10:43 AM",,,,,,,No,No,
24317825,"December 21, 2023 10:35 AM",,,,,,,No,No,
24317691,"December 21, 2023 10:29 AM",,,,,,,No,No,
24317288,"December 21, 2023 10:07 AM",1250,2,1,,,1,Yes,Yes,5
24317200,"December 21, 2023 10:03 AM",1036,1,,,,1,Yes,Yes,5
24316965,"December 21, 2023 9:48 AM",49,2,,3,,,No,No,
24316921,"December 21, 2023 9:46 AM",,,,,,,No,No,
24316136,"December 21, 2023 8:42 AM",,,,,,,No,No,
24315912,"December 21, 2023 8:15 AM",,,,,,,No,No,
24315799,"December 21, 2023 8:00 AM",504,3,1,1,,1,Yes,Yes,5
24314957,"December 21, 2023 4:16 AM",,,,,,,No,No,
24314670,"December 21, 2023 2:49 AM",,,,,,,No,No,
24313154,"December 20, 2023 10:52 PM",,,,,,,No,No,
24313152,"December 20, 2023 10:52 PM",25,,,,,,No,No,
24313085,"December 20, 2023 10:45 PM",,,,,,,No,No,
24312940,"December 20, 2023 10:27 PM",,,,,,,No,No,
24312052,"December 20, 2023 9:13 PM",,,,,,,No,No,
24311784,"December 20, 2023 8:39 PM",28,2,,1,1,,No,No,
24311064,"December 20, 2023 7:38 PM",,,,,,,No,No,
24310162,"December 20, 2023 6:31 PM",,,,,,,No,No,
24310094,"December 22, 2023 1:33 PM",,,,,,,No,No,
24309538,"December 20, 2023 5:45 PM",117,1,,1,,,No,No,
24308171,"December 20, 2023 4:25 PM",1473,2,1,,,1,Yes,Yes,5
24306974,"December 20, 2023 3:30 PM",2629,1,,,,1,Yes,Yes,5
24306791,"December 20, 2023 3:22 PM",611,2,2,,,,Yes,Yes,5
24306423,"December 20, 2023 3:05 PM",831,1,,,,1,Yes,Yes,5
24306204,"December 20, 2023 2:56 PM",2433,2,1,,,1,Yes,Yes,
24305108,"December 20, 2023 2:29 PM",,,,,,,No,No,
24305081,"December 20, 2023 2:28 PM",,,,,,,No,No,
24305024,"December 20, 2023 2:25 PM",86,1,,,1,,No,No,
24304801,"December 20, 2023 2:15 PM",18,1,,1,,,No,No,
24304687,"December 20, 2023 2:10 PM",,,,,,,No,No,
24304563,"December 20, 2023 2:04 PM",976,1,,1,,,Yes,Yes,
24304027,"December 20, 2023 1:41 PM",1609,1,1,1,,,Yes,Yes,
24303622,"December 20, 2023 1:24 PM",127,2,2,,,,No,No,
24302602,"December 20, 2023 12:40 PM",6,,,,,,No,No,
24302584,"December 20, 2023 12:40 PM",26,,,,,,No,No,
24302447,"December 28, 2023 11:56 AM",138,,,,,,No,No,
24301776,"December 20, 2023 12:06 PM",72,3,,3,,,No,No,
24301546,"December 20, 2023 12:26 PM",,,,,,,No,No,
24301424,"December 20, 2023 11:51 AM",,,,,,,No,No,
24301391,"December 20, 2023 11:49 AM",,,,,,,No,No,
24301167,"December 20, 2023 11:39 AM",79216,3,1,1,,,Yes,Yes,
24300562,"December 20, 2023 11:12 AM",62,,,,,,No,No,
24300296,"December 20, 2023 11:00 AM",673,1,,,,,Yes,Yes,
24300060,"December 20, 2023 10:50 AM",483,1,,,,1,Yes,Yes,5
24300042,"December 20, 2023 10:49 AM",,,,,,,No,No,
24299928,"December 20, 2023 10:44 AM",,,,,,,No,No,
24298760,"December 20, 2023 9:45 AM",901,1,,,,1,Yes,Yes,
24298020,"December 20, 2023 8:53 AM",,,,,,,No,No,
24297874,"December 30, 2023 6:32 AM",55,,,,,,No,No,
24297808,"December 20, 2023 8:31 AM",991,2,,1,,1,Yes,Yes,5
24297536,"December 20, 2023 7:57 AM",1134,1,,1,,,Yes,Yes,
24297478,"December 20, 2023 7:47 AM",,,,,,,No,No,
24297257,"December 20, 2023 6:58 AM",218,1,1,,,,No,No,5
24296489,"December 20, 2023 3:18 AM",,,,,,,No,No,
24296378,"December 20, 2023 2:49 AM",12892,,,,,,No,No,
24295075,"December 19, 2023 11:38 PM",77,1,1,1,,,No,No,
24293530,"December 19, 2023 9:05 PM",,,,,,,No,No,
24291753,"December 19, 2023 6:44 PM",13,1,,1,,,No,No,
24290526,"December 19, 2023 5:17 PM",,,,,,,No,No,
24290252,"December 19, 2023 5:07 PM",220,1,,1,,,No,No,
24290041,"December 19, 2023 4:53 PM",607,2,1,,,1,Yes,Yes,
24289661,"December 19, 2023 4:34 PM",28,1,1,,,,No,No,
24289634,"December 19, 2023 4:33 PM",42,1,,,,,Yes,No,
24289108,"December 19, 2023 4:09 PM",5,,,,,,No,No,
24288183,"December 19, 2023 3:31 PM",,,,,,,No,No,
24288074,"December 19, 2023 3:27 PM",22,1,1,,,,No,No,
24287590,"December 19, 2023 3:07 PM",62,1,,1,,,No,No,
24287424,"December 19, 2023 2:59 PM",,,,,,,No,No,
24287303,"December 19, 2023 2:55 PM",33,,,,,,No,No,
24286973,"December 19, 2023 2:43 PM",304,1,,1,,1,Yes,No,
24286828,"December 19, 2023 2:38 PM",,,,,,,No,No,
24286705,"December 19, 2023 2:33 PM",37,,,,,,No,No,
24286313,"December 19, 2023 2:18 PM",181,3,,1,1,1,Yes,No,1
24286051,"December 19, 2023 2:08 PM",626,1,,1,,,Yes,Yes,
24285312,"December 19, 2023 1:40 PM",135,2,1,1,,,No,No,
24284416,"December 19, 2023 1:07 PM",,,,,,,No,No,
24283919,"December 19, 2023 12:46 PM",,,,,,,No,No,
24283062,"December 19, 2023 12:12 PM",16859,4,2,,1,1,Yes,No,
24282996,"December 19, 2023 12:14 PM",,,,,,,No,No,
24281635,"December 19, 2023 11:23 AM",,,,,,,No,No,
24281122,"December 19, 2023 11:02 AM",,,,,,,No,No,
24280995,"December 19, 2023 10:57 AM",,,,,,,No,No,
24280954,"December 19, 2023 10:55 AM",39,1,,1,,,No,No,
24280729,"December 19, 2023 10:45 AM",56,1,,1,,,No,No,
24280443,"December 19, 2023 10:31 AM",2448,1,1,1,,,Yes,Yes,
24280367,"December 19, 2023 10:28 AM",,,,,,,No,No,
24279640,"December 19, 2023 9:52 AM",,,,,,,No,No,
24279581,"December 19, 2023 9:49 AM",1524,1,,,,1,Yes,Yes,
24278830,"December 19, 2023 9:02 AM",88,2,,,1,,Yes,No,
24278406,"December 19, 2023 8:27 AM",27,1,,,,1,Yes,No,
24278399,"December 19, 2023 8:26 AM",111,1,,,,1,Yes,No,
24278371,"December 19, 2023 8:22 AM",,,,,,,No,No,
24278156,"December 19, 2023 7:54 AM",,,,,,,No,No,
24277788,"December 19, 2023 6:37 AM",,,,,,,No,No,
24277704,"December 19, 2023 6:19 AM",,,,,,,No,No,
24277196,"December 19, 2023 4:05 AM",,,,,,,No,No,
24275244,"December 18, 2023 11:12 PM",,,,,,,No,No,
24274686,"December 18, 2023 10:22 PM",255,,,,,,No,No,
24274535,"December 18, 2023 10:07 PM",19,1,,,,1,No,No,
24274118,"December 18, 2023 9:39 PM",,,,,,,No,No,
24274085,"December 18, 2023 9:36 PM",,,,,,,No,No,
24273747,"December 18, 2023 9:14 PM",,,,,,,No,No,
24271840,"December 18, 2023 7:05 PM",,,,,,,No,No,
24271631,"December 18, 2023 6:51 PM",49048,3,,3,,,No,No,
24271455,"December 18, 2023 6:39 PM",,,,,,,No,No,
24271356,"December 18, 2023 6:33 PM",,,,,,,No,No,
24270934,"December 18, 2023 6:06 PM",,,,,,,No,No,
24267897,"December 18, 2023 3:45 PM",42,1,1,1,,,No,No,
24267441,"December 18, 2023 3:25 PM",,,,,,,No,No,
24267385,"December 18, 2023 3:24 PM",38,1,,1,,,No,No,
24266990,"December 18, 2023 3:08 PM",62289,1,,,,1,Yes,No,
24266609,"December 18, 2023 2:54 PM",,,,,,,No,No,
24266503,"December 18, 2023 2:51 PM",1258,1,,2,,,Yes,Yes,
24264972,"December 18, 2023 1:57 PM",1154,1,,1,,,Yes,Yes,
24263688,"December 18, 2023 1:13 PM",26,,,,,,No,No,
24263269,"December 18, 2023 12:57 PM",87,1,,2,,,No,No,
24262750,"December 18, 2023 12:36 PM",,,,,,,No,No,
24261113,"December 18, 2023 11:36 AM",,,,,,,No,No,
24260782,"December 18, 2023 11:25 AM",,,,,,,No,No,
24260699,"December 18, 2023 11:22 AM",1649,1,,,,,Yes,Yes,5
24260351,"December 18, 2023 11:09 AM",967,1,,,,,Yes,Yes,
24260302,"December 18, 2023 11:07 AM",77,1,,3,,,No,No,1
24259934,"December 18, 2023 10:52 AM",,,,,,,No,No,
24259812,"December 18, 2023 10:48 AM",1246,2,1,1,,1,Yes,Yes,
24259553,"December 18, 2023 10:38 AM",,,,,,,No,No,
24259371,"December 18, 2023 10:31 AM",1209,,,,,,Yes,Yes,
24259261,"December 18, 2023 10:26 AM",1100,,,,,,Yes,Yes,
24259178,"December 18, 2023 10:23 AM",1955,1,,,,1,Yes,Yes,5
24259039,"December 18, 2023 10:16 AM",2005,1,,1,,,Yes,Yes,5
24258981,"December 18, 2023 10:14 AM",1745,1,,,,,Yes,Yes,
24258317,"December 18, 2023 9:40 AM",,,,,,,No,No,
24258232,"December 18, 2023 9:35 AM",43,1,,1,,,No,No,
24258104,"December 18, 2023 9:28 AM",42,1,,1,,,Yes,No,
24257612,"December 18, 2023 9:01 AM",40,,,,,,No,No,
24257151,"December 18, 2023 8:24 AM",2462,1,,,,1,Yes,Yes,
24256887,"December 18, 2023 7:54 AM",,,,,,,No,No,
24256880,"December 18, 2023 7:45 AM",,,,,,,No,No,
24254527,"December 17, 2023 11:31 PM",188,2,,,,1,No,No,
24253796,"December 17, 2023 9:57 PM",,,,,,,No,No,
24251695,"December 17, 2023 6:05 PM",,,,,,,No,No,
24251331,"December 17, 2023 5:23 PM",,,,,,,No,No,
24250947,"December 17, 2023 4:44 PM",,,,,,,No,No,
24250634,"December 17, 2023 4:09 PM",,,,,,,No,No,
24250547,"December 17, 2023 4:02 PM",,,,,,,No,No,
24250429,"December 17, 2023 3:48 PM",230,2,1,,,1,No,No,
24250426,"December 17, 2023 3:48 PM",,,,,,,No,No,
24249557,"December 17, 2023 2:19 PM",,,,,,,No,No,
24248353,"December 17, 2023 12:04 PM",,,,,,,No,No,
24248255,"December 17, 2023 11:50 AM",124,1,,2,,,No,No,
24247394,"December 17, 2023 9:36 AM",,,,,,,No,No,
24246255,"December 17, 2023 2:57 AM",,,,,,,No,No,
24245888,"December 17, 2023 1:20 AM",,,,,,,No,No,
24244476,"December 16, 2023 9:19 PM",73,2,1,,,1,No,No,
24244221,"December 16, 2023 8:45 PM",,,,,,,No,No,
24243469,"December 16, 2023 7:04 PM",29,,,,,,No,No,
24242468,"December 16, 2023 4:51 PM",,,,,,,No,No,
24242395,"December 16, 2023 4:42 PM",164,4,1,2,,1,No,No,
24241934,"December 16, 2023 3:48 PM",,,,,,,No,No,
24241406,"December 16, 2023 2:53 PM",24,1,,1,,,No,No,
24241379,"December 16, 2023 2:49 PM",109,1,,1,,,No,No,
24239387,"December 16, 2023 11:16 AM",,,,,,,No,No,
24239008,"December 16, 2023 10:31 AM",,,,,,,No,No,
24238967,"December 16, 2023 10:26 AM",,,,,,,No,No,
24238721,"December 16, 2023 9:52 AM",,,,,,,No,No,
24238320,"December 16, 2023 8:40 AM",26,,,,,,No,No,
24237970,"December 16, 2023 7:12 AM",,,,,,,No,No,
24235108,"December 15, 2023 9:35 PM",,,,,,,No,No,
24234743,"December 15, 2023 8:56 PM",,,,,,,No,No,
24234726,"December 15, 2023 8:54 PM",31,1,,,,1,No,No,
24234552,"December 15, 2023 8:37 PM",,,,,,,No,No,
24233040,"December 15, 2023 6:16 PM",,,,,,,No,No,
24232822,"December 15, 2023 5:59 PM",,,,,,,No,No,
24232129,"December 15, 2023 5:15 PM",,,,,,,No,No,
24232115,"December 15, 2023 5:14 PM",833,4,1,4,,,No,No,
24232065,"December 15, 2023 5:13 PM",61,,,1,,,Yes,No,
24231825,"December 15, 2023 5:03 PM",,,,,,,No,No,
24231809,"December 15, 2023 4:56 PM",266,2,1,1,,,No,No,
24231648,"December 30, 2023 8:39 PM",82,2,2,,,,No,No,
24231632,"December 15, 2023 4:45 PM",,,,,,,No,No,
24230976,"December 15, 2023 4:11 PM",,,,,,,No,No,
24230973,"December 15, 2023 4:11 PM",,,,,,,No,No,
24230363,"December 15, 2023 3:42 PM",4302,,,,,,Yes,Yes,
24229962,"December 15, 2023 3:23 PM",,,,,,,No,No,
24229960,"December 15, 2023 3:23 PM",1096,2,,1,,,Yes,Yes,
24229873,"December 15, 2023 3:19 PM",201,4,3,,,1,Yes,No,
24229557,"December 15, 2023 3:05 PM",423,1,,1,,,Yes,Yes,
24229392,"December 15, 2023 2:58 PM",13,,,,,,No,No,
24229313,"December 15, 2023 2:54 PM",495,1,,,,1,Yes,Yes,5
24229228,"December 15, 2023 2:49 PM",1553,1,,1,,,Yes,Yes,
24228382,"December 15, 2023 2:34 PM",,,,,,,No,No,
24228228,"December 15, 2023 2:14 PM",40,1,,1,,,No,No,
24227905,"December 15, 2023 2:01 PM",,,,,,,No,No,
24226545,"December 15, 2023 1:04 PM",2319,2,1,,1,,Yes,Yes,5
24225574,"December 15, 2023 12:25 PM",26,1,,1,,,No,No,
24224703,"December 15, 2023 11:48 AM",912,1,,1,,,Yes,Yes,
24224321,"December 15, 2023 11:43 AM",,,,,,,No,No,
24224064,"December 15, 2023 11:22 AM",33,,,,,,No,No,
24224015,"December 15, 2023 11:21 AM",665,3,1,1,,,Yes,No,
24223568,"December 15, 2023 11:02 AM",845,1,,,,1,Yes,Yes,5
24222915,"December 15, 2023 10:30 AM",,,,,,,No,No,
24222914,"December 15, 2023 10:30 AM",,,,,,,No,No,
24222711,"December 15, 2023 10:20 AM",,,,,,,No,No,
24222384,"December 15, 2023 10:03 AM",86,1,,1,,,No,No,
24222347,"December 15, 2023 10:01 AM",982,,,,,,Yes,Yes,
24222325,"December 15, 2023 10:00 AM",,,,,,,No,No,
24222191,"December 15, 2023 9:53 AM",,,,,,,No,No,
24222100,"December 15, 2023 9:50 AM",237,1,1,,,,No,No,
24221938,"December 15, 2023 9:42 AM",778,2,,2,,,Yes,No,
24221860,"December 15, 2023 9:37 AM",3624,1,1,,,,Yes,Yes,5
24221857,"December 15, 2023 9:37 AM",67,2,2,,,,No,No,
24221384,"December 15, 2023 9:13 AM",,,,,,,No,No,
24220896,"December 15, 2023 8:38 AM",15,1,,1,,,No,No,
24220872,"December 15, 2023 8:36 AM",17,,,,,,No,No,
24220869,"December 15, 2023 8:36 AM",,,,,,,No,No,
24220618,"December 15, 2023 8:08 AM",,,,,,,No,No,
24220571,"December 15, 2023 8:02 AM",864,,,,,,Yes,Yes,
24220468,"December 15, 2023 7:47 AM",2326,1,,,,1,Yes,Yes,
24220443,"December 15, 2023 7:44 AM",,,,,,,No,No,
24220389,"December 15, 2023 7:36 AM",637,,,,,,Yes,No,
24218008,"December 14, 2023 11:37 PM",35,1,,1,,,No,No,
24215541,"December 14, 2023 8:12 PM",141,2,,2,,,No,No,
24215514,"December 14, 2023 8:10 PM",,,,,,,No,No,
24215508,"December 14, 2023 8:10 PM",,,,,,,No,No,
24215177,"December 14, 2023 7:45 PM",32,2,1,1,,,No,No,
24215153,"December 14, 2023 7:43 PM",19,1,,1,,,No,No,
24213844,"December 14, 2023 6:12 PM",,,,,,,No,No,
24213609,"December 14, 2023 5:58 PM",,,,,,,No,No,
24211563,"December 14, 2023 4:19 PM",1816,2,1,,,1,Yes,Yes,
24211211,"December 14, 2023 4:04 PM",359,1,,1,,,Yes,Yes,1
24210963,"December 14, 2023 3:53 PM",1349,2,,2,,,Yes,Yes,5
24210887,"December 14, 2023 3:50 PM",,,,,,,No,No,
24210860,"December 14, 2023 3:49 PM",,,,,,,No,No,
24210693,"December 14, 2023 3:42 PM",333,1,,,,1,Yes,Yes,
24209974,"December 14, 2023 3:14 PM",,,,,,,No,No,
24209754,"December 14, 2023 3:06 PM",42,1,1,,,,No,No,
24209016,"December 14, 2023 2:38 PM",,,,,,,No,No,
24208723,"December 14, 2023 2:26 PM",,,,,,,No,No,
24208292,"December 14, 2023 2:10 PM",1079,3,1,1,1,,Yes,Yes,
24208277,"December 14, 2023 2:09 PM",8,,,1,,,No,No,
24208252,"December 14, 2023 2:08 PM",1533,3,,3,,,Yes,Yes,
24208166,"December 14, 2023 2:05 PM",262,3,,2,1,,No,No,
24208132,"December 14, 2023 2:03 PM",,,,,,,No,No,
24208130,"December 14, 2023 2:03 PM",,,,,,,No,No,
24208129,"December 14, 2023 2:03 PM",,,,,,,No,No,
24208128,"December 14, 2023 2:03 PM",,,,,,,No,No,
24208127,"December 14, 2023 2:03 PM",,,,,,,No,No,
24208126,"December 14, 2023 2:03 PM",,,,,,,No,No,
24208125,"December 14, 2023 2:03 PM",,,,,,,No,No,
24208124,"December 14, 2023 2:03 PM",,,,,,,No,No,
24208120,"December 14, 2023 2:03 PM",,,,,,,No,No,
24208119,"December 14, 2023 2:03 PM",,,,,,,No,No,
24208118,"December 14, 2023 2:03 PM",,,,,,,No,No,
24208117,"December 14, 2023 2:02 PM",,,,,,,No,No,
24208114,"December 14, 2023 2:02 PM",,,,,,,No,No,
24208113,"December 14, 2023 2:02 PM",,,,,,,No,No,
24207964,"December 14, 2023 2:01 PM",,,,,,,No,No,
24207947,"December 14, 2023 1:56 PM",,,,,,,No,No,
24207245,"December 14, 2023 1:27 PM",,,,,,,No,No,
24206388,"December 14, 2023 12:58 PM",83,1,,1,1,,No,No,
24204794,"December 14, 2023 12:01 PM",80,1,1,,,,No,No,
24204775,"December 14, 2023 12:00 PM",,,,,,,No,No,
24203976,"December 14, 2023 11:29 AM",1938,1,,1,,1,Yes,Yes,
24203611,"December 14, 2023 11:15 AM",,,,,,,No,No,
24203380,"December 14, 2023 11:07 AM",1656,1,,,1,,Yes,Yes,4
24203026,"December 14, 2023 10:54 AM",289,8,7,,1,,No,No,
24202345,"December 14, 2023 10:27 AM",,,,,,,No,No,
24201946,"December 14, 2023 10:10 AM",42,1,,2,,,No,No,
24201506,"December 14, 2023 9:49 AM",126,2,,2,,,No,No,
24201459,"December 14, 2023 9:46 AM",123,1,1,,,,No,No,
24201235,"December 14, 2023 9:35 AM",,,,,,,No,No,
24200889,"December 14, 2023 9:15 AM",1048,,,,,,Yes,Yes,
24200734,"December 14, 2023 9:05 AM",,,,,,,No,No,
24200675,"December 14, 2023 9:02 AM",27,,,,,,No,No,
24200538,"December 14, 2023 8:52 AM",,,,,,,No,No,
24200495,"December 14, 2023 8:49 AM",166,1,,,,1,Yes,Yes,5
24200214,"December 14, 2023 8:29 AM",288,1,,,,,Yes,Yes,
24200081,"December 14, 2023 8:16 AM",1035,1,,,,1,Yes,Yes,
24199953,"December 14, 2023 8:02 AM",1447,1,,,,1,Yes,Yes,5
24199833,"December 14, 2023 7:46 AM",179,1,,,,1,Yes,No,
24199744,"December 14, 2023 7:33 AM",682,4,,1,1,2,Yes,No,
24199456,"December 14, 2023 6:34 AM",,,,,,,No,No,
24198341,"December 14, 2023 2:21 AM",74,1,,1,,,No,No,
24196581,"December 13, 2023 10:33 PM",34988,3,1,2,,,Yes,Yes,
24196230,"December 13, 2023 10:03 PM",655,9,7,2,,,No,No,
24196116,"December 13, 2023 9:54 PM",105,2,,2,,,No,No,
24193641,"December 13, 2023 6:57 PM",,,,,,,No,No,
24191900,"December 13, 2023 5:18 PM",23,1,1,,,,No,No,
24191349,"December 13, 2023 4:50 PM",,,,,,,No,No,
24190527,"December 13, 2023 4:15 PM",,,,,,,No,No,
24189798,"December 13, 2023 3:42 PM",,,,,,,No,No,
24189729,"December 13, 2023 3:39 PM",269,1,,2,,,No,No,1
24189407,"December 13, 2023 3:27 PM",807,1,,,,1,Yes,Yes,
24189338,"December 13, 2023 3:24 PM",10768,1,,,,1,Yes,Yes,
24189278,"December 13, 2023 3:21 PM",181,1,,,,1,Yes,No,
24189059,"December 13, 2023 3:12 PM",708,3,2,,,1,Yes,No,
24188759,"December 13, 2023 2:59 PM",986,1,,,,1,Yes,Yes,
24188706,"December 13, 2023 2:57 PM",849,1,1,,,,Yes,Yes,5
24188705,"December 13, 2023 2:57 PM",,,,,,,No,No,
24188676,"December 13, 2023 2:56 PM",1199,1,,,,1,Yes,Yes,5
24188509,"December 13, 2023 2:50 PM",392,1,1,,,,Yes,No,
24188473,"December 13, 2023 2:49 PM",2685,1,,1,,1,Yes,Yes,
24188359,"December 13, 2023 2:45 PM",156,1,,1,,1,Yes,No,
24188036,"December 13, 2023 2:34 PM",17,1,,1,,,No,No,
24187734,"December 13, 2023 2:23 PM",622,1,,,,1,Yes,Yes,
24187218,"December 13, 2023 2:04 PM",2385,2,1,,,1,Yes,Yes,
24187126,"December 13, 2023 2:01 PM",76,1,1,,,,No,No,
24186892,"December 13, 2023 1:52 PM",1826,1,,,,1,Yes,Yes,
24186454,"December 13, 2023 1:37 PM",1686,,,,,,Yes,Yes,
24186357,"December 13, 2023 1:33 PM",1685,3,2,1,1,,Yes,Yes,
24186300,"December 13, 2023 1:30 PM",,,,,,,No,No,
24186189,"December 13, 2023 1:26 PM",205,,,,,,Yes,No,
24186173,"December 13, 2023 1:26 PM",,,,,,,No,No,
24186087,"December 13, 2023 1:22 PM",,,,,,,No,No,
24185922,"December 13, 2023 1:16 PM",1554,2,,1,,,Yes,Yes,5
24185742,"December 13, 2023 1:28 PM",,,,,,,No,No,
24185706,"December 13, 2023 1:08 PM",,,,,,,No,No,
24185374,"December 13, 2023 12:56 PM",81181,3,2,1,,,No,No,
24185317,"December 13, 2023 12:55 PM",1888,4,2,,,2,Yes,Yes,
24184907,"December 13, 2023 12:39 PM",911,1,,,,1,Yes,No,
24184385,"December 13, 2023 12:20 PM",748,1,,,,1,Yes,Yes,
24181952,"December 13, 2023 11:59 AM",4544,,,,,,Yes,Yes,
24181941,"December 13, 2023 11:59 AM",516,3,1,2,,,Yes,Yes,
24181863,"December 13, 2023 11:55 AM",84,1,,,,1,Yes,No,
24181650,"December 13, 2023 11:48 AM",2114,1,,1,,,Yes,Yes,
24181584,"December 13, 2023 11:45 AM",886,2,,,1,,Yes,No,
24181122,"December 13, 2023 11:29 AM",1220,1,,,,1,Yes,Yes,
24181108,"December 13, 2023 11:29 AM",1711,1,,,,1,Yes,Yes,
24180686,"December 13, 2023 11:13 AM",641,2,,2,,,Yes,Yes,5
24179973,"December 13, 2023 10:45 AM",,,,,,,No,No,
24179969,"December 13, 2023 10:45 AM",,,,,,,No,No,
24179602,"December 13, 2023 10:32 AM",,,,,,,No,No,
24179256,"December 13, 2023 10:17 AM",3343,1,,1,,,Yes,No,
24179202,"December 13, 2023 10:14 AM",,,,,,,No,No,
24178901,"December 13, 2023 10:01 AM",508,,,,,,Yes,Yes,
24178678,"December 13, 2023 9:51 AM",2007,1,,,,1,Yes,Yes,
24178023,"December 13, 2023 9:15 AM",,,,,,,No,No,
24177782,"December 13, 2023 9:01 AM",681,1,,,,1,Yes,No,
24177348,"December 13, 2023 8:27 AM",1164,2,1,,,,Yes,Yes,5
24177321,"December 13, 2023 8:25 AM",41,1,,,,1,No,No,
24176807,"December 13, 2023 7:12 AM",29,,,,,,No,No,
24174738,"December 12, 2023 11:59 PM",148,1,,1,,,No,No,
24173346,"December 12, 2023 9:46 PM",42,1,,,,1,No,No,
24173129,"December 12, 2023 9:28 PM",56,2,1,1,,,No,No,
24171148,"December 12, 2023 7:11 PM",38,,,,,,No,No,
24170846,"December 12, 2023 6:50 PM",,,,,,,No,No,
24169306,"December 12, 2023 5:15 PM",69,1,1,,,,No,No,
24168027,"December 12, 2023 4:20 PM",675,,,,,,Yes,Yes,5
24167620,"December 12, 2023 4:05 PM",1972,1,,,,1,Yes,Yes,
24166619,"December 12, 2023 3:26 PM",,,,,,,No,No,
24166534,"December 12, 2023 3:23 PM",1182,5,1,3,,,Yes,Yes,
24166357,"December 12, 2023 3:17 PM",,,,,,,No,No,
24166346,"December 12, 2023 3:16 PM",,,,,,,No,No,
24166319,"December 12, 2023 3:15 PM",145,,,,,,Yes,Yes,
24166282,"December 12, 2023 3:14 PM",,,,,,,No,No,
24166261,"December 12, 2023 3:13 PM",,,,,,,No,No,
24166157,"December 12, 2023 3:09 PM",591,2,1,,,1,Yes,Yes,
24165436,"December 12, 2023 2:43 PM",,,,,,,No,No,
24165417,"December 12, 2023 2:42 PM",518,,,,,,Yes,Yes,5
24164124,"December 12, 2023 1:57 PM",4561,2,1,,,1,Yes,Yes,4
24164109,"December 12, 2023 1:56 PM",1012,,,,,,Yes,Yes,
24163923,"December 12, 2023 2:02 PM",,,,,,,No,No,
24163917,"December 12, 2023 1:49 PM",,,,,,,No,No,
24163797,"December 12, 2023 1:45 PM",76,,,1,,,Yes,No,
24163767,"December 12, 2023 1:43 PM",,,,,,,No,No,
24163551,"December 12, 2023 1:36 PM",,,,,,,No,No,
24163220,"December 12, 2023 1:23 PM",88,4,2,2,,,No,No,1
24162343,"December 12, 2023 12:53 PM",94,1,,,,1,Yes,No,
24162282,"December 12, 2023 12:51 PM",,,,,,,No,No,
24162241,"December 12, 2023 12:49 PM",,,,,,,No,No,
24160981,"December 12, 2023 12:27 PM",,,,,,,No,No,
24160264,"December 12, 2023 11:43 AM",580,3,,1,1,1,Yes,No,1
24159801,"December 12, 2023 11:26 AM",665,1,,,,1,Yes,Yes,5
24159683,"December 12, 2023 11:21 AM",,,,,,,No,No,
24158599,"December 12, 2023 10:42 AM",2713,4,2,1,,1,Yes,Yes,
24158398,"December 12, 2023 10:33 AM",123,1,,1,,1,Yes,No,
24157486,"December 12, 2023 9:57 AM",132,1,,,,1,Yes,Yes,
24157404,"December 12, 2023 9:54 AM",151,1,,,,1,Yes,Yes,
24157369,"December 12, 2023 9:52 AM",109,1,,,,1,Yes,Yes,
24157205,"December 12, 2023 9:44 AM",465,1,,,,1,Yes,Yes,5
24156579,"December 12, 2023 9:09 AM",,,,,,,No,No,
24156502,"December 12, 2023 9:05 AM",98,2,1,1,,,No,No,
24156499,"December 12, 2023 9:05 AM",485,1,,1,,,Yes,Yes,
24156377,"December 12, 2023 8:56 AM",1234,4,,3,,,Yes,Yes,
24156228,"December 12, 2023 8:45 AM",122,2,1,,1,,No,No,
24156165,"December 12, 2023 8:39 AM",37,,,,,,No,No,
24155926,"December 12, 2023 8:19 AM",7439,2,1,1,,,No,No,
24155649,"December 12, 2023 7:43 AM",81,,,,,,No,No,
24155125,"December 12, 2023 5:39 AM",,,,,,,No,No,
24152146,"December 11, 2023 9:59 PM",20,,,,,,No,No,
24151864,"December 11, 2023 9:39 PM",113,3,1,2,,,No,No,
24151275,"December 11, 2023 8:57 PM",,,,,,,No,No,
24151036,"December 12, 2023 4:59 PM",,,,,,,No,No,
24151005,"December 11, 2023 8:37 PM",,,,,,,No,No,
24150855,"December 11, 2023 8:26 PM",,,,,,,No,No,
24150080,"December 11, 2023 7:36 PM",,,,,,,No,No,
24149801,"December 11, 2023 7:20 PM",,,,,,,No,No,
24149084,"December 11, 2023 6:35 PM",761,1,,1,,,Yes,No,
24148991,"December 11, 2023 6:30 PM",1033,1,,,1,,No,No,5
24148908,"December 11, 2023 6:26 PM",,,,,,,No,No,
24148655,"December 11, 2023 6:11 PM",,,,,,,No,No,
24147937,"December 11, 2023 5:32 PM",2207,3,2,,,,Yes,No,
24147740,"December 15, 2023 6:58 PM",,,,,,,No,No,
24147240,"December 11, 2023 4:59 PM",916,1,,,,,Yes,No,
24146537,"December 11, 2023 4:30 PM",1429,2,,,1,1,Yes,Yes,5
24146126,"December 11, 2023 4:14 PM",517,2,1,,,1,Yes,Yes,
24145872,"December 11, 2023 4:03 PM",599,2,1,1,,,Yes,Yes,
24145536,"December 11, 2023 3:51 PM",435,,,,,,Yes,Yes,
24145052,"December 11, 2023 3:31 PM",,,,,,,No,No,
24144885,"December 11, 2023 3:26 PM",104,1,,1,,,No,No,
24144449,"December 11, 2023 3:10 PM",24,,,,,,No,No,
24144399,"December 11, 2023 3:09 PM",393,2,,1,,1,Yes,Yes,
24143291,"December 11, 2023 2:35 PM",21,1,1,,,,No,No,1
24143143,"December 11, 2023 2:31 PM",228,2,2,,,,Yes,Yes,
24142996,"December 11, 2023 2:26 PM",10,1,,1,,,No,No,
24142905,"December 11, 2023 2:24 PM",22,1,,1,,,No,No,
24142890,"December 11, 2023 2:24 PM",2289,1,,1,,,Yes,Yes,
24142499,"December 11, 2023 2:12 PM",1113,1,1,1,,,Yes,No,
24140879,"December 11, 2023 1:21 PM",,,,,,,No,No,
24140509,"December 11, 2023 1:09 PM",31,,,,,,No,No,
24139990,"December 11, 2023 12:53 PM",,,,,,,No,No,
24139956,"December 11, 2023 12:52 PM",1054,,,,,,Yes,Yes,
24139783,"December 11, 2023 12:47 PM",591,,,,,,Yes,Yes,
24138266,"December 11, 2023 11:57 AM",179,1,,1,,1,Yes,No,
24138209,"December 11, 2023 11:55 AM",69,1,,1,,,No,No,
24137735,"December 11, 2023 11:38 AM",1217,3,1,,1,1,Yes,Yes,
24137374,"December 11, 2023 11:24 AM",,,,,,,No,No,
24137363,"December 11, 2023 11:24 AM",1536,1,,,,1,Yes,Yes,5
24135477,"December 11, 2023 10:16 AM",2455,1,,,,1,Yes,Yes,
24135167,"December 11, 2023 10:05 AM",1188,1,,,,1,Yes,Yes,
24134971,"December 11, 2023 9:57 AM",4,1,,1,,,No,No,
24134473,"December 11, 2023 9:34 AM",61,,,,,,No,No,
24134346,"December 11, 2023 9:27 AM",,,,,,,No,No,
24134287,"December 11, 2023 9:24 AM",888,,,,,,Yes,Yes,5
24134046,"December 11, 2023 9:11 AM",1860,1,,,,1,Yes,Yes,
24133715,"December 11, 2023 8:48 AM",743,,,,,,Yes,Yes,
24133651,"December 11, 2023 8:44 AM",28,1,,,1,,No,No,5
24133285,"December 11, 2023 8:08 AM",1515,1,,,,,Yes,Yes,
24133198,"December 11, 2023 7:58 AM",648,,,,,,Yes,Yes,5
24131670,"December 11, 2023 2:18 AM",11,,,,,,No,No,
24130599,"December 10, 2023 11:36 PM",,,,,,,No,No,
24130108,"December 10, 2023 10:42 PM",50,1,,2,,,No,No,
24128243,"December 10, 2023 7:49 PM",,,,,,,No,No,
24128142,"December 10, 2023 7:37 PM",,,,,,,No,No,
24128095,"December 10, 2023 7:33 PM",,,,,,,No,No,
24128043,"December 10, 2023 7:27 PM",82,,,,,,No,No,
24127871,"December 10, 2023 7:08 PM",,,,,,,No,No,
24127511,"December 10, 2023 6:30 PM",,,,,,,No,No,
24127370,"December 10, 2023 6:16 PM",9,1,,1,,,No,No,
24126162,"December 10, 2023 4:13 PM",,,,,,,No,No,
24126121,"December 10, 2023 4:09 PM",,,,,,,No,No,
24126027,"December 10, 2023 4:01 PM",67,1,,,,1,Yes,No,
24125732,"December 10, 2023 3:34 PM",111,1,,,1,,No,No,
24125680,"December 10, 2023 3:29 PM",29,1,,1,,,No,No,
24124053,"December 10, 2023 12:40 PM",806,,,,,,Yes,Yes,5
24123557,"December 10, 2023 11:39 AM",,,,,,,No,No,
24123352,"December 10, 2023 11:18 AM",,,,,,,No,No,
24122381,"December 10, 2023 8:20 AM",42,1,1,,,,No,No,
24118299,"December 9, 2023 5:58 PM",,,,,,,No,No,
24118250,"December 9, 2023 5:52 PM",,,,,,,No,No,
24117748,"December 9, 2023 4:56 PM",13,,,,,,No,No,
24117093,"December 9, 2023 3:49 PM",,,,,,,No,No,
24115918,"December 9, 2023 1:52 PM",32,1,1,,,,No,No,
24115425,"December 9, 2023 12:57 PM",708,3,,2,,1,Yes,Yes,
24113694,"December 9, 2023 9:24 AM",95,1,1,,,,No,No,
24113518,"December 9, 2023 8:52 AM",57,1,,1,,,No,No,
24111176,"December 8, 2023 10:51 PM",110,1,1,,,,No,No,
24110425,"December 8, 2023 9:16 PM",116,2,,,1,1,No,No,
24110237,"December 8, 2023 8:55 PM",,,,,,,No,No,
24108534,"December 8, 2023 6:05 PM",68,1,,,1,,No,No,
24107728,"December 8, 2023 5:02 PM",,,,,,,No,No,
24106984,"December 8, 2023 4:20 PM",185,,,1,,,Yes,Yes,
24106971,"December 8, 2023 4:19 PM",714,1,,,,1,Yes,Yes,5
24106629,"December 8, 2023 4:00 PM",44,1,,,,1,Yes,Yes,
24106376,"December 8, 2023 3:45 PM",,,,,,,No,No,
24106324,"December 8, 2023 3:42 PM",,,,,,,No,No,
24105039,"December 8, 2023 2:40 PM",1138,1,,1,,,Yes,Yes,5
24104586,"December 8, 2023 2:20 PM",967,1,,,,,Yes,Yes,5
24104171,"December 8, 2023 2:03 PM",19,2,,2,,,No,No,
24103704,"December 8, 2023 1:43 PM",2382,2,,2,,1,Yes,Yes,
24103670,"December 8, 2023 1:42 PM",33,1,,1,,,No,No,
24103271,"December 8, 2023 1:24 PM",,,,,,,No,No,
24102639,"December 8, 2023 1:32 PM",,,,,,,No,No,
24102232,"December 8, 2023 12:41 PM",163,1,,,,1,Yes,No,4
24102205,"December 8, 2023 12:40 PM",57,2,,,1,1,Yes,No,
24101835,"December 8, 2023 12:24 PM",43,1,1,,,,No,No,
24100707,"December 8, 2023 11:39 AM",1260,1,,,,1,Yes,Yes,
24100453,"December 8, 2023 11:28 AM",896,1,,,,1,Yes,Yes,
24099784,"December 8, 2023 11:01 AM",,,,,,,No,No,
24099343,"December 8, 2023 10:44 AM",,,,,,,No,No,
24099210,"December 8, 2023 10:37 AM",3068,,,,,,Yes,Yes,
24098993,"December 8, 2023 10:26 AM",75,1,,1,,1,Yes,No,
24098443,"December 8, 2023 10:00 AM",,,,,,,No,No,
24098430,"December 8, 2023 9:59 AM",153,1,,2,,,No,No,
24097872,"December 8, 2023 9:25 AM",1285,,,,,,Yes,Yes,5
24097225,"December 8, 2023 8:40 AM",,,,,,,No,No,
24097213,"December 8, 2023 8:40 AM",1261,1,,,,,Yes,Yes,
24096932,"December 8, 2023 8:11 AM",812,1,,1,1,,Yes,Yes,5
24096010,"December 8, 2023 4:33 AM",,,,,,,No,No,
24095842,"December 8, 2023 3:38 AM",,,,,,,No,No,
24095632,"December 8, 2023 2:42 AM",27,,,1,,,No,No,
24095620,"December 8, 2023 2:38 AM",240,3,,3,,,No,No,
24094582,"December 7, 2023 11:37 PM",,,,,,,No,No,
24093731,"December 7, 2023 10:05 PM",13,1,1,,,,No,No,
24092505,"December 7, 2023 8:20 PM",,,,,,,No,No,
24092205,"December 7, 2023 7:59 PM",,,,,,,No,No,
24091919,"December 7, 2023 7:35 PM",100,1,,,,1,No,No,
24090680,"December 7, 2023 6:09 PM",44,1,1,,,,No,No,
24090321,"December 7, 2023 5:46 PM",390,1,,,1,,Yes,Yes,
24089183,"December 7, 2023 4:48 PM",13,,,,,,No,No,
24089083,"December 7, 2023 4:43 PM",,,,,,,No,No,
24088869,"December 7, 2023 4:31 PM",,,,,,,No,No,
24088647,"December 7, 2023 4:22 PM",128,1,,,,1,Yes,Yes,
24088606,"December 7, 2023 4:21 PM",77,1,,,,1,Yes,Yes,
24087570,"December 7, 2023 3:37 PM",49,1,,1,,,No,No,
24087013,"December 7, 2023 3:21 PM",1422,2,1,1,,1,Yes,Yes,
24086840,"December 7, 2023 3:12 PM",59,1,1,,,,No,No,
24086640,"December 7, 2023 3:04 PM",,,,,,,No,No,
24085999,"December 7, 2023 2:40 PM",,,,,,,No,No,
24085827,"December 7, 2023 2:34 PM",2325,1,,1,,,Yes,Yes,5
24085262,"December 7, 2023 2:16 PM",697,1,,,,,Yes,Yes,
24085105,"December 7, 2023 2:10 PM",,,,,,,No,No,
24084742,"December 7, 2023 1:58 PM",,,,,,,No,No,
24084662,"December 7, 2023 1:54 PM",1253,1,,,,1,Yes,Yes,5
24084032,"December 7, 2023 1:32 PM",136,1,1,,,,No,No,
24083084,"December 7, 2023 1:00 PM",369,6,,6,,1,Yes,No,
24083050,"December 7, 2023 12:58 PM",663,2,2,,,,Yes,Yes,
24082937,"December 7, 2023 12:54 PM",,,,,,,No,No,
24082810,"December 7, 2023 12:50 PM",71,1,1,,,,No,No,2
24079637,"December 7, 2023 12:29 PM",27,1,1,,,,No,No,
24079386,"December 7, 2023 12:21 PM",4536,1,,,,1,Yes,Yes,
24079315,"December 7, 2023 12:19 PM",,,,,,,No,No,
24079230,"December 7, 2023 12:16 PM",1934,1,,,,1,Yes,No,
24078609,"December 7, 2023 11:54 AM",43,1,,,1,,No,No,
24078496,"December 7, 2023 11:50 AM",4,1,,,,1,Yes,No,
24078483,"December 7, 2023 11:49 AM",8,1,,,,1,Yes,No,
24078476,"December 7, 2023 11:49 AM",9,1,,,,1,Yes,No,
24077800,"December 7, 2023 11:24 AM",20,,,,,,No,No,
24077789,"December 7, 2023 11:23 AM",,,,,,,No,No,
24077730,"December 7, 2023 11:22 AM",2955,1,,1,,,Yes,Yes,
24077552,"December 7, 2023 11:13 AM",23,,,,,,No,No,
24077521,"December 7, 2023 11:12 AM",32,,,,,,No,No,
24077254,"December 7, 2023 11:01 AM",,,,,,,No,No,
24077000,"December 7, 2023 10:50 AM",,,,,,,No,No,
24076844,"December 7, 2023 10:43 AM",64,,,,,,No,No,
24076827,"December 7, 2023 10:42 AM",,,,,,,No,No,
24076753,"December 7, 2023 10:39 AM",46,1,,1,,,No,No,
24076686,"December 7, 2023 10:36 AM",859,1,,1,,,Yes,Yes,
24076604,"December 7, 2023 10:32 AM",3781,1,,,,1,Yes,Yes,
24075999,"December 7, 2023 10:13 AM",449,1,,2,,,No,No,
24075966,"December 7, 2023 10:06 AM",,,,,,,No,No,
24075737,"December 7, 2023 9:55 AM",,,,,,,No,No,
24075544,"December 7, 2023 9:44 AM",5532,2,1,,,1,Yes,Yes,
24075475,"December 7, 2023 9:42 AM",127,1,,,,1,Yes,Yes,
24075417,"December 7, 2023 9:39 AM",142,1,,,,1,Yes,Yes,
24075104,"December 7, 2023 9:21 AM",221,1,,,,,Yes,Yes,
24074417,"December 7, 2023 8:31 AM",,,,,,,No,No,
24074219,"December 7, 2023 8:11 AM",4085,1,,1,,,Yes,Yes,
24073886,"December 7, 2023 7:23 AM",,,,,,,No,No,
24071067,"December 6, 2023 10:47 PM",36,1,,1,,,No,No,
24070602,"December 6, 2023 10:08 PM",34,1,,,,1,No,No,
24069349,"December 6, 2023 8:35 PM",,,,,,,No,No,
24069187,"December 6, 2023 8:23 PM",,,,,,,No,No,
24068500,"December 6, 2023 7:39 PM",,,,,,,No,No,
24068202,"December 6, 2023 7:15 PM",70541,2,1,1,,,No,No,
24068200,"December 6, 2023 7:14 PM",,,,,,,No,No,
24067903,"December 6, 2023 6:54 PM",396,1,,1,,,No,No,
24067900,"December 6, 2023 6:54 PM",,,,,,,No,No,
24067805,"December 6, 2023 6:48 PM",,,,,,,No,No,
24067721,"December 6, 2023 6:42 PM",,,,,,,No,No,
24067701,"December 6, 2023 6:41 PM",,,,,,,No,No,
24067571,"December 6, 2023 6:32 PM",,,,,,,No,No,
24067151,"December 6, 2023 6:07 PM",1315,1,,,,1,Yes,Yes,
24066381,"December 6, 2023 5:27 PM",58709,1,,1,,,Yes,Yes,
24066196,"December 6, 2023 5:17 PM",,,,,,,No,No,
24065504,"December 6, 2023 4:44 PM",1423,1,,1,,,Yes,Yes,
24064901,"December 6, 2023 4:18 PM",,,,,,,No,No,
24064803,"December 6, 2023 4:14 PM",18,1,1,,,,No,No,
24064746,"December 6, 2023 4:11 PM",27,,,,,,No,No,
24064528,"December 6, 2023 4:03 PM",,,,,,,No,No,
24064495,"December 6, 2023 4:02 PM",,,,,,,No,No,
24064188,"December 6, 2023 3:50 PM",,,,,,,No,No,
24064179,"December 6, 2023 3:50 PM",,,,,,,No,No,
24064178,"December 6, 2023 3:50 PM",,,,,,,No,No,
24064177,"December 6, 2023 3:50 PM",,,,,,,No,No,
24064176,"December 6, 2023 3:50 PM",,,,,,,No,No,
24064174,"December 6, 2023 3:50 PM",,,,,,,No,No,
24064171,"December 6, 2023 3:50 PM",,,,,,,No,No,
24064170,"December 6, 2023 3:50 PM",,,,,,,No,No,
24064169,"December 6, 2023 3:49 PM",,,,,,,No,No,
24064167,"December 6, 2023 3:49 PM",,,,,,,No,No,
24063920,"December 6, 2023 3:39 PM",,,,,,,No,No,
24063918,"December 6, 2023 3:39 PM",,,,,,,No,No,
24063913,"December 6, 2023 3:39 PM",,,,,,,No,No,
24063912,"December 6, 2023 3:39 PM",,,,,,,No,No,
24063909,"December 6, 2023 3:39 PM",,,,,,,No,No,
24063307,"December 6, 2023 3:17 PM",,,,,,,No,No,
24062792,"December 6, 2023 3:01 PM",3329,3,,,1,,Yes,Yes,5
24062632,"December 6, 2023 2:55 PM",1046,1,,,,,Yes,Yes,5
24062606,"December 6, 2023 2:54 PM",194,1,,1,,,Yes,Yes,
24062263,"December 6, 2023 2:45 PM",1211,,,,,,Yes,Yes,
24062226,"December 6, 2023 2:44 PM",388,,,,,,Yes,Yes,
24062154,"December 6, 2023 2:41 PM",45,1,1,,,,No,No,
24061310,"December 6, 2023 2:12 PM",64724,1,,1,,,Yes,Yes,
24061265,"December 6, 2023 2:11 PM",148,4,1,2,1,,No,No,
24060984,"December 6, 2023 2:01 PM",665,1,,,,1,Yes,Yes,
24060759,"December 6, 2023 1:53 PM",1067,1,,,,,Yes,Yes,
24060461,"December 6, 2023 1:41 PM",965,2,1,,,1,Yes,Yes,
24059787,"December 6, 2023 1:18 PM",1452,1,,1,,,Yes,Yes,
24059653,"December 6, 2023 1:14 PM",,,,,,,No,No,
24059370,"December 6, 2023 1:04 PM",19,1,,1,,,No,No,
24059055,"December 6, 2023 12:52 PM",17,,,,,,No,No,
24058930,"December 6, 2023 12:47 PM",23,,,,,,No,No,
24058819,"December 6, 2023 1:24 PM",,,,,,,No,No,
24058752,"December 6, 2023 12:42 PM",,,,,,,No,No,
24058441,"December 6, 2023 12:29 PM",831,2,1,,,1,Yes,Yes,
24058426,"December 6, 2023 12:29 PM",2427,2,,,,,Yes,Yes,
24057481,"December 6, 2023 11:54 AM",88,2,2,,,,No,No,
24055605,"December 6, 2023 10:52 AM",788,1,,,,1,Yes,Yes,
24055498,"December 6, 2023 10:48 AM",174,1,1,,,,No,No,
24055464,"December 6, 2023 10:47 AM",12,1,,1,,,No,No,
24054858,"December 6, 2023 10:24 AM",31,1,,1,,,No,No,
24054758,"December 6, 2023 10:29 AM",,,,,,,No,No,
24054499,"December 6, 2023 10:08 AM",92,1,,1,,,No,No,
24054407,"December 6, 2023 10:04 AM",746,2,1,,,1,Yes,Yes,
24054394,"December 6, 2023 10:03 AM",,,,,,,No,No,
24054393,"December 6, 2023 10:03 AM",,,,,,,No,No,
24054392,"December 6, 2023 10:03 AM",,,,,,,No,No,
24054391,"December 6, 2023 10:03 AM",,,,,,,No,No,
24054386,"December 6, 2023 10:03 AM",,,,,,,No,No,
24054379,"December 6, 2023 10:03 AM",187,1,,2,,,No,No,
24054355,"December 6, 2023 10:02 AM",1023,1,,,,,Yes,Yes,
24054204,"December 6, 2023 9:56 AM",,,,,,,No,No,
24053798,"December 6, 2023 9:38 AM",232,1,,1,,,Yes,Yes,5
24053479,"December 6, 2023 9:22 AM",,,,,,,No,No,
24053443,"December 6, 2023 9:20 AM",8,1,,1,,,No,No,
24053401,"December 6, 2023 9:17 AM",1084,1,,,,1,Yes,Yes,
24053293,"December 6, 2023 9:10 AM",,,,,,,No,No,
24053227,"December 6, 2023 9:06 AM",772,1,,1,,,Yes,Yes,5
24053060,"December 6, 2023 8:57 AM",2259,2,1,,,1,Yes,Yes,5
24052887,"December 6, 2023 8:44 AM",470,1,1,,,,Yes,Yes,
24052689,"December 6, 2023 8:30 AM",1461,3,,1,1,1,Yes,Yes,5
24052433,"December 6, 2023 8:00 AM",5734,1,,,,1,Yes,Yes,
24052412,"December 6, 2023 7:58 AM",,,,,,,No,No,
24052310,"December 6, 2023 7:46 AM",28,1,,,,1,No,No,
24052175,"December 6, 2023 7:24 AM",,,,,,,No,No,
24052141,"December 6, 2023 7:18 AM",,,,,,,No,No,
24052026,"December 6, 2023 6:53 AM",,,,,,,No,No,
24049532,"December 5, 2023 11:00 PM",,,,,,,No,No,
24048658,"December 5, 2023 9:51 PM",,,,,,,No,No,
24047759,"December 5, 2023 8:50 PM",,,,,,,No,No,
24047758,"December 5, 2023 8:49 PM",,,,,,,No,No,
24047325,"December 5, 2023 8:20 PM",,,,,,,No,No,
24046698,"December 5, 2023 7:40 PM",,,,,,,No,No,
24046576,"December 5, 2023 7:32 PM",,,,,,,No,No,
24046503,"December 5, 2023 7:27 PM",2019,1,,,,1,Yes,No,
24046412,"December 5, 2023 7:20 PM",,,,,,,No,No,
24045956,"December 5, 2023 6:49 PM",,,,,,,No,No,
24045167,"December 5, 2023 6:04 PM",,,,,,,No,No,
24044825,"December 5, 2023 5:47 PM",31,,,,,,No,No,
24044763,"December 5, 2023 5:43 PM",,,,,,,No,No,
24044638,"December 6, 2023 1:02 PM",,,,,,,No,No,
24044147,"December 5, 2023 5:12 PM",,,,,,,No,No,
24042899,"December 5, 2023 4:20 PM",618,1,,,,1,Yes,Yes,5
24042763,"December 5, 2023 4:15 PM",,,,,,,No,No,
24042676,"December 5, 2023 4:11 PM",2193,1,,1,,,Yes,Yes,
24042644,"December 5, 2023 4:10 PM",1214,3,,,2,1,Yes,No,5
24042640,"December 5, 2023 4:10 PM",,,,,,,No,No,
24042636,"December 5, 2023 4:10 PM",,,,,,,No,No,
24042278,"December 5, 2023 3:58 PM",21,1,,,,1,Yes,No,
24042182,"December 5, 2023 3:55 PM",1494,,,,,,Yes,Yes,
24042056,"December 5, 2023 3:50 PM",,,,,,,No,No,
24041720,"December 5, 2023 3:39 PM",588,1,,,,1,Yes,Yes,5
24041560,"December 5, 2023 3:33 PM",,,,,,,No,No,
24041094,"December 5, 2023 3:19 PM",1009,1,,,,,Yes,No,
24041028,"December 5, 2023 3:16 PM",657,1,,1,,,Yes,No,
24040773,"December 5, 2023 3:07 PM",39,1,,1,,,No,No,
24040586,"December 5, 2023 3:02 PM",4183,1,,2,,,Yes,No,
24040387,"December 5, 2023 2:56 PM",,,,,,,No,No,
24039959,"December 5, 2023 2:41 PM",,,,,,,No,No,
24039957,"December 5, 2023 2:41 PM",47,1,1,,,,No,No,
24039816,"December 5, 2023 2:37 PM",64,1,,1,,,No,No,
24038495,"December 5, 2023 1:55 PM",13771,1,,1,,,Yes,Yes,
24038281,"December 5, 2023 1:48 PM",,,,,,,No,No,
24037994,"December 5, 2023 1:39 PM",1185,,,,,,Yes,Yes,5
24037719,"December 5, 2023 1:30 PM",,,,,,,No,No,
24037415,"December 5, 2023 1:21 PM",,,,,,,No,No,
24037230,"December 5, 2023 1:15 PM",26,1,,,,1,Yes,No,
24037121,"December 5, 2023 1:11 PM",,,,,,,No,No,
24037099,"December 5, 2023 1:10 PM",270,1,,,,1,Yes,Yes,5
24037008,"December 5, 2023 1:07 PM",,,,,,,No,No,
24037007,"December 5, 2023 1:07 PM",,,,,,,No,No,
24037006,"December 5, 2023 1:07 PM",,,,,,,No,No,
24037004,"December 5, 2023 1:07 PM",,,,,,,No,No,
24037002,"December 5, 2023 1:07 PM",,,,,,,No,No,
24037001,"December 5, 2023 1:07 PM",,,,,,,No,No,
24036904,"December 5, 2023 1:04 PM",,,,,,,No,No,
24036417,"December 5, 2023 12:49 PM",20,,,,,,No,No,
24036327,"December 5, 2023 12:46 PM",22,,,,,,No,No,
24036269,"December 5, 2023 12:44 PM",77,,,,,,No,No,
24036228,"December 5, 2023 12:43 PM",,,,,,,No,No,
24036152,"December 5, 2023 12:41 PM",1147,3,2,,,,Yes,Yes,
24035686,"December 5, 2023 12:27 PM",126,2,2,,,,No,No,
24035475,"December 5, 2023 12:21 PM",1200,1,,,,1,Yes,Yes,
24034377,"December 5, 2023 11:45 AM",25,,,,,,No,No,
24034334,"December 5, 2023 11:44 AM",,,,,,,No,No,
24034226,"December 5, 2023 11:41 AM",109,1,,,,1,Yes,No,
24034102,"December 5, 2023 11:37 AM",,,,,,,No,No,
24033866,"December 5, 2023 11:30 AM",676,1,,,,1,Yes,Yes,
24032987,"December 5, 2023 11:01 AM",1071,1,,1,,,Yes,Yes,
24032677,"December 5, 2023 10:50 AM",456,1,,,,1,Yes,Yes,
24032503,"December 5, 2023 10:43 AM",,,,,,,No,No,
24032345,"December 5, 2023 10:37 AM",79,1,1,1,,,No,No,
24031706,"December 5, 2023 10:12 AM",782,1,1,,,,Yes,Yes,
24031434,"December 5, 2023 10:01 AM",645,2,,1,,1,Yes,No,
24031407,"December 5, 2023 10:00 AM",,,,,,,No,No,
24031226,"December 5, 2023 9:52 AM",,,,,,,No,No,
24030961,"December 5, 2023 9:39 AM",,,,,,,No,No,
24030666,"December 5, 2023 9:25 AM",1097,1,,2,,,No,No,
24029837,"December 5, 2023 8:32 AM",,,,,,,No,No,
24029724,"December 5, 2023 8:21 AM",45,1,1,,,,No,No,
24029623,"December 5, 2023 8:12 AM",817,,,,,,Yes,Yes,
24029584,"December 5, 2023 8:08 AM",1523,,,,,,Yes,Yes,
24029483,"December 5, 2023 7:57 AM",1047,1,1,,,,Yes,Yes,
24029460,"December 5, 2023 7:55 AM",170,,,,,,Yes,No,
24029001,"December 5, 2023 6:33 AM",,,,,,,No,No,
24025753,"December 4, 2023 10:00 PM",,,,,,,No,No,
24025726,"December 4, 2023 9:58 PM",25,1,,1,,,No,No,
24025179,"December 4, 2023 9:23 PM",,,,,,,No,No,
24024207,"December 4, 2023 8:23 PM",,,,,,,No,No,
24024177,"December 4, 2023 8:18 PM",233,2,,3,,,No,No,
24024095,"December 4, 2023 8:13 PM",,,,,,,No,No,
24023826,"December 4, 2023 7:58 PM",,,,,,,No,No,
24023809,"December 4, 2023 7:56 PM",,,,,,,No,No,
24023233,"December 4, 2023 7:22 PM",,,,,,,No,No,
24023010,"December 4, 2023 7:08 PM",,,,,,,No,No,
24022634,"December 4, 2023 6:45 PM",29,1,1,,,,No,No,
24022427,"December 4, 2023 6:34 PM",,,,,,,No,No,
24022382,"December 4, 2023 6:32 PM",,,,,,,No,No,
24022377,"December 4, 2023 6:31 PM",,,,,,,No,No,
24022090,"December 4, 2023 6:15 PM",,,,,,,No,No,
24021431,"December 4, 2023 5:42 PM",,,,,,,No,No,
24021406,"December 4, 2023 5:43 PM",4,,,,,,No,No,
24021334,"December 4, 2023 5:37 PM",,,,,,,No,No,
24021327,"December 4, 2023 5:37 PM",,,,,,,No,No,
24021325,"December 4, 2023 5:37 PM",,,,,,,No,No,
24021290,"December 4, 2023 5:35 PM",,,,,,,No,No,
24021028,"December 4, 2023 5:21 PM",71321,1,,,,1,Yes,No,5
24020673,"December 4, 2023 5:07 PM",860,1,,,,1,Yes,No,5
24020584,"December 4, 2023 5:03 PM",,,,,,,No,No,
24020071,"December 4, 2023 4:44 PM",,,,,,,No,No,
24019427,"December 4, 2023 4:22 PM",,,,,,,No,No,
24019191,"December 4, 2023 4:13 PM",924,4,2,1,1,,Yes,Yes,
24018961,"December 4, 2023 4:06 PM",430,1,,2,,,Yes,No,
24018741,"December 4, 2023 3:57 PM",,,,,,,No,No,
24018682,"December 4, 2023 3:55 PM",,,,,,,No,No,
24018392,"December 4, 2023 3:46 PM",58277,1,1,1,,,Yes,No,
24018050,"December 4, 2023 3:34 PM",,,,,,,No,No,
24017770,"December 4, 2023 3:24 PM",,,,,,,No,No,
24017673,"December 4, 2023 3:20 PM",102,1,,,1,,No,No,
24017653,"December 4, 2023 3:19 PM",52,1,,,1,,No,No,
24017574,"December 4, 2023 3:16 PM",,,,,,,No,No,
24017298,"December 4, 2023 3:07 PM",218,2,,,1,1,Yes,Yes,
24016508,"December 4, 2023 2:43 PM",,,,,,,No,No,
24015355,"December 4, 2023 2:09 PM",1415,1,,1,,,Yes,Yes,5
24013250,"December 4, 2023 1:39 PM",283,1,,,,,Yes,Yes,
24013081,"December 4, 2023 1:34 PM",1646,1,,,,,Yes,Yes,
24012888,"December 4, 2023 1:27 PM",,,,,,,No,No,
24012233,"December 4, 2023 1:08 PM",213,2,,1,,1,Yes,Yes,
24010899,"December 4, 2023 12:28 PM",14,1,,1,,,No,No,
24010500,"December 4, 2023 12:15 PM",,,,,,,No,No,
24010475,"December 4, 2023 12:14 PM",,,,,,,No,No,
24009884,"December 4, 2023 11:57 AM",,,,,,,No,No,
24009769,"December 4, 2023 11:53 AM",19,1,,1,,,No,No,
24009543,"December 4, 2023 11:45 AM",,,,,,,No,No,
24009505,"December 4, 2023 11:44 AM",,,,,,,No,No,
24009470,"December 4, 2023 11:43 AM",64,1,1,,,,No,No,
24009358,"December 4, 2023 11:40 AM",,,,,,,No,No,
24009281,"December 4, 2023 11:38 AM",,,,,,,No,No,
24009275,"December 4, 2023 11:38 AM",504,3,1,,1,,Yes,Yes,
24008310,"December 4, 2023 11:08 AM",831,1,,1,,1,Yes,Yes,5
24008015,"December 4, 2023 10:58 AM",198,1,,,1,,Yes,Yes,
24007828,"December 4, 2023 10:52 AM",125,1,,1,,,No,No,
24007751,"December 4, 2023 10:48 AM",50,1,,1,,,No,No,
24007386,"December 4, 2023 10:35 AM",,,,,,,No,No,
24007246,"December 4, 2023 10:31 AM",,,,,,,No,No,
24007201,"December 4, 2023 10:29 AM",211,1,,,,,Yes,Yes,5
24007014,"December 4, 2023 10:22 AM",,,,,,,No,No,
24007012,"December 4, 2023 10:22 AM",,,,,,,No,No,
24007009,"December 4, 2023 10:22 AM",,,,,,,No,No,
24007008,"December 4, 2023 10:23 AM",401,1,,,,,Yes,No,1
24007007,"December 4, 2023 10:22 AM",,,,,,,No,No,
24007006,"December 4, 2023 10:22 AM",,,,,,,No,No,
24007005,"December 4, 2023 10:22 AM",,,,,,,No,No,
24007004,"December 4, 2023 10:22 AM",,,,,,,No,No,
24007003,"December 4, 2023 10:22 AM",,,,,,,No,No,
24007000,"December 4, 2023 10:22 AM",,,,,,,No,No,
24006999,"December 4, 2023 10:22 AM",,,,,,,No,No,
24006997,"December 4, 2023 10:22 AM",,,,,,,No,No,
24006995,"December 4, 2023 10:22 AM",,,,,,,No,No,
24006994,"December 4, 2023 10:22 AM",,,,,,,No,No,
24006993,"December 4, 2023 10:22 AM",,,,,,,No,No,
24006992,"December 4, 2023 10:22 AM",,,,,,,No,No,
24006990,"December 4, 2023 10:22 AM",,,,,,,No,No,
24006987,"December 4, 2023 10:22 AM",,,,,,,No,No,
24006982,"December 4, 2023 10:22 AM",,,,,,,No,No,
24006981,"December 4, 2023 10:22 AM",,,,,,,No,No,
24006979,"December 4, 2023 10:22 AM",,,,,,,No,No,
24006977,"December 4, 2023 10:22 AM",,,,,,,No,No,
24006973,"December 4, 2023 10:22 AM",,,,,,,No,No,
24006972,"December 4, 2023 10:22 AM",,,,,,,No,No,
24006970,"December 4, 2023 10:22 AM",,,,,,,No,No,
24006968,"December 4, 2023 10:22 AM",,,,,,,No,No,
24006967,"December 4, 2023 10:22 AM",,,,,,,No,No,
24006966,"December 4, 2023 10:22 AM",,,,,,,No,No,
24006964,"December 4, 2023 10:22 AM",,,,,,,No,No,
24006962,"December 4, 2023 10:22 AM",,,,,,,No,No,
24006961,"December 4, 2023 10:22 AM",,,,,,,No,No,
24006960,"December 4, 2023 10:22 AM",,,,,,,No,No,
24006959,"December 4, 2023 10:22 AM",,,,,,,No,No,
24006957,"December 4, 2023 10:22 AM",,,,,,,No,No,
24006955,"December 4, 2023 10:22 AM",,,,,,,No,No,
24006954,"December 4, 2023 10:22 AM",,,,,,,No,No,
24006953,"December 4, 2023 10:22 AM",,,,,,,No,No,
24006950,"December 4, 2023 10:22 AM",,,,,,,No,No,
24006949,"December 4, 2023 10:22 AM",,,,,,,No,No,
24006947,"December 4, 2023 10:22 AM",,,,,,,No,No,
24006944,"December 4, 2023 10:22 AM",,,,,,,No,No,
24006942,"December 4, 2023 10:21 AM",,,,,,,No,No,
24006940,"December 4, 2023 10:21 AM",,,,,,,No,No,
24006937,"December 4, 2023 10:21 AM",,,,,,,No,No,
24006935,"December 4, 2023 10:21 AM",,,,,,,No,No,
24006932,"December 4, 2023 10:21 AM",,,,,,,No,No,
24006931,"December 4, 2023 10:21 AM",,,,,,,No,No,
24006930,"December 4, 2023 10:21 AM",,,,,,,No,No,
24006928,"December 4, 2023 10:21 AM",,,,,,,No,No,
24006926,"December 4, 2023 10:21 AM",,,,,,,No,No,
24006925,"December 4, 2023 10:21 AM",,,,,,,No,No,
24006923,"December 4, 2023 10:21 AM",,,,,,,No,No,
24006921,"December 4, 2023 10:21 AM",,,,,,,No,No,
24006920,"December 4, 2023 10:21 AM",,,,,,,No,No,
24006918,"December 4, 2023 10:21 AM",,,,,,,No,No,
24006916,"December 4, 2023 10:21 AM",,,,,,,No,No,
24006915,"December 4, 2023 10:21 AM",,,,,,,No,No,
24006914,"December 4, 2023 10:21 AM",,,,,,,No,No,
24006913,"December 4, 2023 10:21 AM",,,,,,,No,No,
24006911,"December 4, 2023 10:21 AM",,,,,,,No,No,
24006907,"December 4, 2023 10:21 AM",,,,,,,No,No,
24006906,"December 4, 2023 10:21 AM",,,,,,,No,No,
24006905,"December 4, 2023 10:21 AM",,,,,,,No,No,
24006904,"December 4, 2023 10:21 AM",,,,,,,No,No,
24006903,"December 4, 2023 10:21 AM",,,,,,,No,No,
24006902,"December 4, 2023 10:21 AM",,,,,,,No,No,
24006900,"December 4, 2023 10:21 AM",,,,,,,No,No,
24006898,"December 4, 2023 10:21 AM",,,,,,,No,No,
24006897,"December 4, 2023 10:21 AM",,,,,,,No,No,
24006896,"December 4, 2023 10:21 AM",,,,,,,No,No,
24006895,"December 4, 2023 10:21 AM",,,,,,,No,No,
24006892,"December 4, 2023 10:21 AM",,,,,,,No,No,
24006890,"December 4, 2023 10:21 AM",,,,,,,No,No,
24006889,"December 4, 2023 10:21 AM",,,,,,,No,No,
24006887,"December 4, 2023 10:21 AM",,,,,,,No,No,
24006885,"December 4, 2023 10:21 AM",,,,,,,No,No,
24006883,"December 4, 2023 10:20 AM",,,,,,,No,No,
24006881,"December 4, 2023 10:20 AM",,,,,,,No,No,
24006879,"December 4, 2023 10:20 AM",,,,,,,No,No,
24006877,"December 4, 2023 10:20 AM",,,,,,,No,No,
24006876,"December 4, 2023 10:20 AM",,,,,,,No,No,
24006875,"December 4, 2023 10:20 AM",,,,,,,No,No,
24006871,"December 4, 2023 10:20 AM",,,,,,,No,No,
24006870,"December 4, 2023 10:20 AM",,,,,,,No,No,
24006864,"December 4, 2023 10:20 AM",,,,,,,No,No,
24006800,"December 4, 2023 10:18 AM",68,1,,1,,1,Yes,No,
24006784,"December 4, 2023 10:18 AM",,,,,,,No,No,
24006685,"December 4, 2023 10:15 AM",,,,,,,No,No,
24006683,"December 4, 2023 10:15 AM",851,2,1,,,,Yes,Yes,
24006626,"December 4, 2023 10:13 AM",,,,,,,No,No,
24006550,"December 4, 2023 10:10 AM",88,1,,2,,1,Yes,No,2
24006441,"December 4, 2023 10:06 AM",,,,,,,No,No,
24006385,"December 4, 2023 10:03 AM",32,,,,,,No,No,
24006211,"December 4, 2023 9:57 AM",2102,1,,,,1,Yes,Yes,
24006205,"December 4, 2023 9:57 AM",,,,,,,No,No,
24005824,"December 4, 2023 9:52 AM",,,,,,,No,No,
24005786,"December 4, 2023 9:41 AM",26,1,,1,,,No,No,
24005622,"December 4, 2023 9:33 AM",51,1,,,1,,No,No,
24005416,"December 4, 2023 9:23 AM",1460,,,1,,,Yes,Yes,5
24005203,"December 4, 2023 9:11 AM",773,,,1,,,Yes,Yes,5
24005113,"December 4, 2023 9:05 AM",55,1,1,,,,No,No,
24004832,"December 4, 2023 8:48 AM",167,2,2,,,,No,No,
24004819,"December 4, 2023 8:46 AM",24,2,,,,2,Yes,Yes,
24004676,"December 4, 2023 8:36 AM",40,1,1,,,,No,No,
24004502,"December 4, 2023 8:23 AM",1198,2,1,,,1,Yes,Yes,
24004420,"December 4, 2023 8:14 AM",1179,4,1,,2,1,Yes,Yes,
24004078,"December 4, 2023 7:29 AM",,,,,,,No,No,
24004036,"December 4, 2023 7:21 AM",,,,,,,No,No,
24003886,"December 4, 2023 6:43 AM",,,,,,,No,No,
24003193,"December 4, 2023 3:19 AM",,,,,,,No,No,
24001523,"December 3, 2023 11:07 PM",61,1,,,,1,No,No,
24001116,"December 3, 2023 10:26 PM",36,,,1,,,No,No,
24001063,"December 3, 2023 10:22 PM",,,,,,,No,No,
24000088,"December 3, 2023 8:59 PM",,,,,,,No,No,
23999887,"December 3, 2023 8:43 PM",663,2,,1,1,,No,No,
23999393,"December 3, 2023 7:58 PM",,,,,,,No,No,
23999226,"December 3, 2023 7:44 PM",61,1,1,,,,No,No,
23999188,"December 3, 2023 7:41 PM",44,1,,,1,,No,No,
23998450,"December 3, 2023 6:27 PM",25,1,,,,,No,No,
23998410,"December 3, 2023 6:23 PM",,,,,,,No,No,
23998357,"December 3, 2023 6:18 PM",,,,,,,No,No,
23998356,"December 3, 2023 6:18 PM",,,,,,,No,No,
23998172,"December 3, 2023 6:00 PM",49,2,1,1,,,No,No,
23998167,"December 3, 2023 5:59 PM",,,,,,,No,No,
23998129,"December 3, 2023 5:56 PM",118,2,,,1,1,No,No,
23997942,"December 3, 2023 5:40 PM",,,,,,,No,No,
23997828,"December 3, 2023 5:31 PM",,,,,,,No,No,
23997783,"December 3, 2023 5:28 PM",53,,,,,,No,No,
23997620,"December 3, 2023 5:11 PM",,,,,,,No,No,
23997594,"December 3, 2023 5:09 PM",36,1,,1,,,No,No,
23997435,"December 3, 2023 4:53 PM",,,,,,,No,No,
23997013,"December 3, 2023 4:09 PM",,,,,,,No,No,
23996941,"December 3, 2023 4:02 PM",,,,,,,No,No,
23995926,"December 3, 2023 2:23 PM",288,1,,,,1,Yes,Yes,
23995889,"December 3, 2023 2:19 PM",72,1,,,,1,Yes,Yes,
23995266,"December 3, 2023 1:19 PM",5,1,,1,,,No,No,
23995195,"December 3, 2023 1:12 PM",,,,,,,No,No,
23995142,"December 3, 2023 1:05 PM",,,,,,,No,No,
23994819,"December 3, 2023 12:28 PM",72,1,,1,,,No,No,
23993994,"December 3, 2023 10:45 AM",,,,,,,No,No,
23993964,"December 3, 2023 10:41 AM",,,,,,,No,No,
23993961,"December 3, 2023 10:41 AM",,,,,,,No,No,1
23993959,"December 3, 2023 10:40 AM",,,,,,,No,No,
23993941,"December 3, 2023 10:37 AM",90,1,,1,,,No,No,
23993934,"December 3, 2023 10:35 AM",,,,,,,No,No,
23993685,"December 3, 2023 9:47 AM",,,,,,,No,No,
23993411,"December 3, 2023 8:46 AM",,,,,,,No,No,
23993136,"December 3, 2023 7:12 AM",,,,,,,No,No,
23993052,"December 3, 2023 6:32 AM",120,2,,1,,1,No,No,
23991124,"December 2, 2023 10:00 PM",,,,,,,No,No,
23990777,"December 2, 2023 9:09 PM",,,,,,,No,No,
23990636,"December 2, 2023 8:47 PM",53,1,,1,,,No,No,
23990590,"December 2, 2023 8:40 PM",,,,,,,No,No,
23990338,"December 2, 2023 8:08 PM",,,,,,,No,No,
23989964,"December 2, 2023 7:21 PM",,,,,,,No,No,
23989961,"December 2, 2023 7:21 PM",,,,,,,No,No,
23989927,"December 2, 2023 7:16 PM",,,,,,,No,No,
23989924,"December 2, 2023 7:16 PM",,,,,,,No,No,
23989712,"December 2, 2023 6:52 PM",,,,,,,No,No,
23989650,"December 2, 2023 6:45 PM",,,,,,,No,No,
23989554,"December 2, 2023 6:36 PM",,,,,,,No,No,
23988849,"December 2, 2023 5:02 PM",,,,,,,No,No,
23988648,"December 2, 2023 4:40 PM",,,,,,,No,No,
23988360,"December 2, 2023 4:08 PM",,,,,,,No,No,
23988090,"December 2, 2023 3:43 PM",,,,,,,No,No,
23987818,"December 2, 2023 3:08 PM",38,1,,1,,,No,No,
23987645,"December 2, 2023 2:49 PM",,,,,,,No,No,
23987496,"December 2, 2023 2:33 PM",,,,,,,No,No,
23987106,"December 3, 2023 3:36 PM",,,,,,,No,No,
23986264,"December 2, 2023 12:35 PM",,,,,,,No,No,
23986059,"December 2, 2023 12:12 PM",18,1,,1,,,No,No,
23985988,"December 2, 2023 12:05 PM",6902,1,,1,,,No,No,
23985645,"December 2, 2023 11:27 AM",35,,,,,,No,No,
23985605,"December 2, 2023 11:22 AM",247,,,,,,No,No,
23985522,"December 2, 2023 11:13 AM",111645,1,,1,,,No,No,
23985363,"December 2, 2023 10:57 AM",31,,,1,,,No,No,
23985250,"December 2, 2023 10:43 AM",,,,,,,No,No,
23984116,"December 2, 2023 7:53 AM",,,,,,,No,No,
23981295,"December 1, 2023 11:14 PM",,,,,,,No,No,
23981210,"December 1, 2023 11:07 PM",,,,,,,No,No,
23981079,"December 1, 2023 10:56 PM",,,,,,,No,No,
23980648,"December 1, 2023 10:14 PM",245,1,,,,1,Yes,No,
23980563,"December 1, 2023 10:08 PM",,,,,,,No,No,
23980509,"December 1, 2023 10:04 PM",17,1,,1,,,No,No,
23980493,"December 1, 2023 10:04 PM",,,,,,,No,No,
23980467,"December 1, 2023 10:01 PM",20,,,,,,No,No,
23980414,"December 1, 2023 9:58 PM",,,,,,,No,No,
23980411,"December 1, 2023 9:57 PM",,,,,,,No,No,
23980407,"December 1, 2023 9:57 PM",,,,,,,No,No,
23980345,"December 1, 2023 9:53 PM",44,,,,,,No,No,
23980317,"December 1, 2023 9:50 PM",1980,2,,,,2,Yes,No,
23980254,"December 1, 2023 9:45 PM",,,,,,,No,No,
23980217,"December 1, 2023 9:40 PM",,,,,,,No,No,
23980177,"December 1, 2023 9:38 PM",,,,,,,No,No,
23980173,"December 1, 2023 9:37 PM",171,,,,,,Yes,Yes,
23980146,"December 1, 2023 9:35 PM",,,,,,,No,No,
23980098,"December 1, 2023 9:31 PM",,,,,,,No,No,
23980080,"December 1, 2023 9:29 PM",100,2,,2,,,Yes,Yes,1
23980022,"December 1, 2023 9:24 PM",451,,,,,,Yes,Yes,
23980005,"December 1, 2023 9:23 PM",,,,,,,No,No,
23979996,"December 1, 2023 9:22 PM",199,,,,,,Yes,Yes,
23979922,"December 1, 2023 9:58 PM",191,,,,,,Yes,Yes,
23979910,"December 1, 2023 9:13 PM",1053,2,,1,,1,Yes,Yes,1
23979902,"December 1, 2023 9:13 PM",233,1,,,1,,No,No,
23979860,"December 1, 2023 9:12 PM",58,,,,,,No,No,
23979856,"December 1, 2023 9:12 PM",755,2,,,1,1,Yes,Yes,
23979839,"December 1, 2023 9:09 PM",,,,,,,No,No,
23979830,"December 1, 2023 9:08 PM",,,,,,,No,No,
23979796,"December 1, 2023 9:06 PM",25,,,1,,,No,No,
23979784,"December 1, 2023 10:22 PM",36,,,1,,,No,No,
23979782,"December 1, 2023 9:04 PM",137,,,,,,No,No,
23979742,"December 1, 2023 9:00 PM",,,,,,,No,No,
23979719,"December 1, 2023 8:58 PM",,,,,,,No,No,
23979717,"December 1, 2023 8:58 PM",,,,,,,No,No,
23979709,"December 1, 2023 8:58 PM",844,2,,2,,,No,No,
23979650,"December 1, 2023 8:52 PM",745,,,,,,Yes,No,
23978549,"December 1, 2023 7:05 PM",,,,,,,No,No,
23977559,"December 1, 2023 5:51 PM",1301,3,1,,,2,Yes,No,
23977186,"December 1, 2023 5:27 PM",24,,,,,,No,No,
23976986,"December 1, 2023 5:15 PM",,,,,,,No,No,
23975699,"December 1, 2023 4:17 PM",529,1,,,,,Yes,Yes,
23975441,"December 1, 2023 4:03 PM",65,1,1,,,,No,No,
23975241,"December 1, 2023 3:52 PM",1475,1,,,,1,Yes,Yes,
23975061,"December 1, 2023 3:44 PM",121,1,1,,,,No,No,
23974979,"December 1, 2023 3:40 PM",39,,,,,,No,No,
23974832,"December 1, 2023 3:33 PM",,,,,,,No,No,
23974306,"December 1, 2023 3:10 PM",,,,,,,No,No,
23974216,"December 1, 2023 3:07 PM",300,1,,1,,,Yes,No,
23974197,"December 1, 2023 3:06 PM",,,,,,,No,No,
23973988,"December 1, 2023 2:59 PM",,,,,,,No,No,
23973900,"December 1, 2023 2:56 PM",53,1,1,,,,No,No,
23972795,"December 1, 2023 2:12 PM",746,1,,,,,Yes,Yes,
23972781,"December 1, 2023 2:11 PM",,,,,,,No,No,
23971216,"December 1, 2023 1:08 PM",1252,1,,2,,,Yes,Yes,
23970359,"December 1, 2023 12:37 PM",1115,,,1,,,Yes,Yes,
23969607,"December 1, 2023 12:08 PM",38,,,,,,No,No,
23969580,"December 1, 2023 12:08 PM",,,,,,,No,No,
23969210,"December 1, 2023 11:52 AM",482,,,1,,,Yes,Yes,
23968867,"December 1, 2023 11:39 AM",162,1,,,,1,Yes,Yes,5
23968719,"December 1, 2023 11:33 AM",,,,,,,No,No,
23967690,"December 1, 2023 10:52 AM",1215,2,,,1,1,Yes,Yes,
23967649,"December 1, 2023 10:49 AM",564,1,,,,1,Yes,No,
23967531,"December 1, 2023 10:44 AM",597,1,,,,,Yes,Yes,5
23966933,"December 1, 2023 10:19 AM",24,1,,1,,,No,No,
23966670,"December 1, 2023 10:08 AM",186,1,,,,1,Yes,No,
23966664,"December 1, 2023 10:08 AM",81,2,,2,,,No,No,
23966520,"December 1, 2023 10:02 AM",665,5,1,,,1,Yes,Yes,
23965474,"December 1, 2023 9:02 AM",,,,,,,No,No,
23965293,"December 1, 2023 8:50 AM",491,2,1,,,1,Yes,Yes,5
23965036,"December 1, 2023 8:30 AM",,,,,,,No,No,
23964584,"December 1, 2023 7:37 AM",782,1,,,,1,Yes,Yes,
23964007,"December 1, 2023 5:06 AM",,,,,,,No,No,
